Notes,ManualCheck,MergeInto,RenameKeyGroup,KeyParamGroup,KeyGroup,ParamGroup,Counts,Dim1Size,Dim2Size,Dim3Size,EchoTime,EffectiveEchoSpacing,FlipAngle,HasFieldmap,MultibandAccelerationFactor,NSliceTimes,NumVolumes,Obliquity,ParallelReductionFactorInPlane,PartialFourier,PhaseEncodingDirection,RepetitionTime,TotalReadoutTime,UsedAsFieldmap,VoxelSizeDim1,VoxelSizeDim2,VoxelSizeDim3
,,,,acquisition-64dir_datatype-dwi_suffix-dwi__1,acquisition-64dir_datatype-dwi_suffix-dwi,1,928,104.0,104.0,72.0,0.1,0.00039,90.0,False,3.0,72,129.0,False,2.0,1.0,j-,3.32,0.04,False,1.798,1.798,1.8
,,,acquisition-64dirVARIANTObliquity_datatype-dwi_suffix-dwi,acquisition-64dir_datatype-dwi_suffix-dwi__2,acquisition-64dir_datatype-dwi_suffix-dwi,2,867,104.0,104.0,72.0,0.1,0.00041,90.0,False,,0,129.0,True,2.0,1.0,j-,3.32,0.043,False,1.798,1.798,1.8
,,,acquisition-64dirVARIANTRepetitionTimeDim1SizeDim2SizeVoxelSizeDim1VoxelSizeDim2VoxelSizeDim3_datatype-dwi_suffix-dwi,acquisition-64dir_datatype-dwi_suffix-dwi__3,acquisition-64dir_datatype-dwi_suffix-dwi,3,271,96.0,96.0,72.0,0.094,0.00072,90.0,False,3.0,72,129.0,False,,0.75,j-,4.5,0.068,False,2.0,2.0,2.0
,,,acquisition-64dirVARIANTObliquity_datatype-dwi_suffix-dwi,acquisition-64dir_datatype-dwi_suffix-dwi__4,acquisition-64dir_datatype-dwi_suffix-dwi,4,37,104.0,104.0,72.0,0.1,0.00039,90.0,False,3.0,72,129.0,True,2.0,1.0,j-,3.32,0.04,False,1.798,1.798,1.8
,,,acquisition-64dirVARIANTRepetitionTimeDim1SizeDim2SizeDim3SizeVoxelSizeDim1VoxelSizeDim2VoxelSizeDim3_datatype-dwi_suffix-dwi,acquisition-64dir_datatype-dwi_suffix-dwi__5,acquisition-64dir_datatype-dwi_suffix-dwi,5,17,140.0,140.0,81.0,0.089,0.00067,90.0,False,,0,129.0,False,,0.75,j-,4.1,0.093,False,1.714,1.714,1.7
,,,acquisition-64dirVARIANTRepetitionTimeDim1SizeDim2SizeObliquityVoxelSizeDim1VoxelSizeDim2VoxelSizeDim3_datatype-dwi_suffix-dwi,acquisition-64dir_datatype-dwi_suffix-dwi__6,acquisition-64dir_datatype-dwi_suffix-dwi,6,12,96.0,96.0,72.0,0.094,0.00072,90.0,False,3.0,72,129.0,True,,0.75,j-,4.5,0.068,False,2.0,2.0,2.0
,,,acquisition-64dirVARIANTRepetitionTimeDim1SizeDim2SizeVoxelSizeDim1VoxelSizeDim2VoxelSizeDim3_datatype-dwi_suffix-dwi,acquisition-64dir_datatype-dwi_suffix-dwi__7,acquisition-64dir_datatype-dwi_suffix-dwi,7,9,96.0,96.0,72.0,0.095,0.00074,90.0,False,3.0,72,129.0,False,,0.75,i,4.5,0.07,False,2.0,2.0,2.0
,,,acquisition-64dirVARIANTOther_datatype-dwi_suffix-dwi,acquisition-64dir_datatype-dwi_suffix-dwi__8,acquisition-64dir_datatype-dwi_suffix-dwi,8,8,104.0,104.0,72.0,0.1,0.00041,90.0,False,,0,129.0,False,2.0,1.0,j-,3.32,0.043,False,1.798,1.798,1.8
,,,acquisition-64dirVARIANTDim3SizeVoxelSizeDim3_datatype-dwi_suffix-dwi,acquisition-64dir_datatype-dwi_suffix-dwi__9,acquisition-64dir_datatype-dwi_suffix-dwi,9,4,104.0,104.0,60.0,0.1,0.00039,90.0,False,3.0,60,129.0,False,2.0,1.0,j-,3.32,0.04,False,1.798,1.798,2.4
,,,acquisition-64dirVARIANTRepetitionTimeDim1SizeDim2SizeNumVolumesVoxelSizeDim1VoxelSizeDim2VoxelSizeDim3_datatype-dwi_suffix-dwi,acquisition-64dir_datatype-dwi_suffix-dwi__10,acquisition-64dir_datatype-dwi_suffix-dwi,10,2,96.0,96.0,72.0,0.094,0.00072,90.0,False,3.0,72,65.0,False,,0.75,j-,3.533,0.068,False,2.0,2.0,2.0
,,,acquisition-64dirVARIANTDim3SizeNumVolumesObliquity_datatype-dwi_suffix-dwi,acquisition-64dir_datatype-dwi_suffix-dwi__11,acquisition-64dir_datatype-dwi_suffix-dwi,11,1,104.0,104.0,6009.0,0.1,0.00041,90.0,False,,0,1.0,True,2.0,1.0,j-,3.32,0.043,False,1.798,1.798,1.8
,,,acquisition-64dirVARIANTDim3SizeNumVolumesObliquity_datatype-dwi_suffix-dwi,acquisition-64dir_datatype-dwi_suffix-dwi__12,acquisition-64dir_datatype-dwi_suffix-dwi,12,1,104.0,104.0,3315.0,0.1,0.00041,90.0,False,,0,1.0,True,2.0,1.0,j-,3.32,0.043,False,1.798,1.798,1.8
,,,acquisition-64dirVARIANTVoxelSizeDim1VoxelSizeDim2_datatype-dwi_suffix-dwi,acquisition-64dir_datatype-dwi_suffix-dwi__13,acquisition-64dir_datatype-dwi_suffix-dwi,13,1,104.0,104.0,72.0,0.1,0.00039,90.0,False,3.0,72,129.0,False,2.0,1.0,j-,3.32,0.04,False,1.827,1.827,1.8
,,,acquisition-64dirVARIANTNumVolumes_datatype-dwi_suffix-dwi,acquisition-64dir_datatype-dwi_suffix-dwi__14,acquisition-64dir_datatype-dwi_suffix-dwi,14,1,104.0,104.0,72.0,0.1,0.00039,90.0,False,3.0,72,116.0,False,2.0,1.0,j-,3.32,0.04,False,1.798,1.798,1.8
,,,acquisition-64dirVARIANTDim3SizeNumVolumesObliquity_datatype-dwi_suffix-dwi,acquisition-64dir_datatype-dwi_suffix-dwi__15,acquisition-64dir_datatype-dwi_suffix-dwi,15,1,104.0,104.0,564.0,0.1,0.00041,90.0,False,,0,1.0,True,2.0,1.0,j-,3.32,0.043,False,1.798,1.798,1.8
,,,acquisition-64dirVARIANTDim3SizeNumVolumesObliquity_datatype-dwi_suffix-dwi,acquisition-64dir_datatype-dwi_suffix-dwi__16,acquisition-64dir_datatype-dwi_suffix-dwi,16,1,104.0,104.0,8235.0,0.1,0.00041,90.0,False,,0,1.0,True,2.0,1.0,j-,3.32,0.043,False,1.798,1.798,1.8
,,,acquisition-64dirVARIANTDim3SizeNumVolumesObliquity_datatype-dwi_suffix-dwi,acquisition-64dir_datatype-dwi_suffix-dwi__17,acquisition-64dir_datatype-dwi_suffix-dwi,17,1,104.0,104.0,5619.0,0.1,0.00041,90.0,False,,0,1.0,True,2.0,1.0,j-,3.32,0.043,False,1.798,1.798,1.8
,,,acquisition-64dirVARIANTObliquity_datatype-dwi_suffix-dwi,acquisition-64dir_datatype-dwi_suffix-dwi__18,acquisition-64dir_datatype-dwi_suffix-dwi,18,1,104.0,104.0,72.0,0.1,0.00041,90.0,False,,0,129.0,True,2.0,1.0,i,3.32,0.043,False,1.798,1.798,1.8
,,,acquisition-64dirVARIANTRepetitionTimeDim1SizeDim2SizeNumVolumesVoxelSizeDim1VoxelSizeDim2VoxelSizeDim3_datatype-dwi_suffix-dwi,acquisition-64dir_datatype-dwi_suffix-dwi__19,acquisition-64dir_datatype-dwi_suffix-dwi,19,1,96.0,96.0,72.0,0.094,0.00072,90.0,False,3.0,72,103.0,False,,0.75,j-,4.5,0.068,False,2.0,2.0,2.0
,,,acquisition-64dirVARIANTDim3SizeNumVolumesObliquity_datatype-dwi_suffix-dwi,acquisition-64dir_datatype-dwi_suffix-dwi__20,acquisition-64dir_datatype-dwi_suffix-dwi,20,1,104.0,104.0,5565.0,0.1,0.00041,90.0,False,,0,1.0,True,2.0,1.0,j-,3.32,0.043,False,1.798,1.798,1.8
,,,acquisition-64dirVARIANTNumVolumesObliquity_datatype-dwi_suffix-dwi,acquisition-64dir_datatype-dwi_suffix-dwi__21,acquisition-64dir_datatype-dwi_suffix-dwi,21,1,104.0,104.0,72.0,0.1,0.00039,90.0,False,3.0,72,122.0,True,2.0,1.0,j-,3.32,0.04,False,1.798,1.798,1.8
,,,acquisition-64dirVARIANTNumVolumes_datatype-dwi_suffix-dwi,acquisition-64dir_datatype-dwi_suffix-dwi__22,acquisition-64dir_datatype-dwi_suffix-dwi,22,1,104.0,104.0,72.0,0.1,0.00039,90.0,False,3.0,72,85.0,False,2.0,1.0,j-,3.32,0.04,False,1.798,1.798,1.8
,,,acquisition-64dirVARIANTDim3SizeNumVolumesObliquity_datatype-dwi_suffix-dwi,acquisition-64dir_datatype-dwi_suffix-dwi__23,acquisition-64dir_datatype-dwi_suffix-dwi,23,1,104.0,104.0,4131.0,0.1,0.00041,90.0,False,,0,1.0,True,2.0,1.0,j-,3.32,0.043,False,1.798,1.798,1.8
,,,acquisition-64dirVARIANTRepetitionTimeDim1SizeDim2SizeDim3SizeObliquityVoxelSizeDim1VoxelSizeDim2VoxelSizeDim3_datatype-dwi_suffix-dwi,acquisition-64dir_datatype-dwi_suffix-dwi__24,acquisition-64dir_datatype-dwi_suffix-dwi,24,1,140.0,140.0,81.0,0.089,0.00067,90.0,False,,0,129.0,True,,0.75,j-,4.1,0.093,False,1.714,1.714,1.7
,,,acquisition-64dirVARIANTNumVolumes_datatype-dwi_suffix-dwi,acquisition-64dir_datatype-dwi_suffix-dwi__25,acquisition-64dir_datatype-dwi_suffix-dwi,25,1,104.0,104.0,72.0,0.1,0.00039,90.0,False,3.0,72,49.0,False,2.0,1.0,j-,3.32,0.04,False,1.798,1.798,1.8
,,,acquisition-64dirVARIANTNumVolumes_datatype-dwi_suffix-dwi,acquisition-64dir_datatype-dwi_suffix-dwi__26,acquisition-64dir_datatype-dwi_suffix-dwi,26,1,104.0,104.0,72.0,0.1,0.00039,90.0,False,3.0,72,83.0,False,2.0,1.0,j-,3.32,0.04,False,1.798,1.798,1.8
,,,acquisition-64dirVARIANTNumVolumes_datatype-dwi_suffix-dwi,acquisition-64dir_datatype-dwi_suffix-dwi__27,acquisition-64dir_datatype-dwi_suffix-dwi,27,1,104.0,104.0,72.0,0.1,0.00039,90.0,False,3.0,72,120.0,False,2.0,1.0,j-,3.32,0.04,False,1.798,1.798,1.8
,,,acquisition-64dirVARIANTDim3SizeNumVolumesObliquity_datatype-dwi_suffix-dwi,acquisition-64dir_datatype-dwi_suffix-dwi__28,acquisition-64dir_datatype-dwi_suffix-dwi,28,1,104.0,104.0,5649.0,0.1,0.00041,90.0,False,,0,1.0,True,2.0,1.0,j-,3.32,0.043,False,1.798,1.798,1.8
,,,acquisition-64dirVARIANTNumVolumes_datatype-dwi_suffix-dwi,acquisition-64dir_datatype-dwi_suffix-dwi__29,acquisition-64dir_datatype-dwi_suffix-dwi,29,1,104.0,104.0,72.0,0.1,0.00039,90.0,False,3.0,72,97.0,False,2.0,1.0,j-,3.32,0.04,False,1.798,1.798,1.8
,,,acquisition-64dirVARIANTDim3SizeNumVolumesObliquity_datatype-dwi_suffix-dwi,acquisition-64dir_datatype-dwi_suffix-dwi__30,acquisition-64dir_datatype-dwi_suffix-dwi,30,1,104.0,104.0,6373.0,0.1,0.00041,90.0,False,,0,1.0,True,2.0,1.0,j-,3.32,0.043,False,1.798,1.798,1.8
,,,acquisition-64dirVARIANTRepetitionTimeDim1SizeDim2SizeNumVolumesVoxelSizeDim1VoxelSizeDim2VoxelSizeDim3_datatype-dwi_suffix-dwi,acquisition-64dir_datatype-dwi_suffix-dwi__31,acquisition-64dir_datatype-dwi_suffix-dwi,31,1,96.0,96.0,72.0,0.094,0.00072,90.0,False,3.0,72,22.0,False,,0.75,j-,4.5,0.068,False,2.0,2.0,2.0
,,,acquisition-64dirVARIANTDim3SizeNumVolumesObliquity_datatype-dwi_suffix-dwi,acquisition-64dir_datatype-dwi_suffix-dwi__32,acquisition-64dir_datatype-dwi_suffix-dwi,32,1,104.0,104.0,9126.0,0.1,0.00041,90.0,False,,0,1.0,True,2.0,1.0,j-,3.32,0.043,False,1.798,1.798,1.8
,,,acquisition-64dirVARIANTRepetitionTimeDim1SizeDim2SizeNumVolumesVoxelSizeDim1VoxelSizeDim2VoxelSizeDim3_datatype-dwi_suffix-dwi,acquisition-64dir_datatype-dwi_suffix-dwi__33,acquisition-64dir_datatype-dwi_suffix-dwi,33,1,96.0,96.0,72.0,0.094,0.00072,90.0,False,3.0,72,96.0,False,,0.75,j-,4.5,0.068,False,2.0,2.0,2.0
,,,acquisition-64dirVARIANTRepetitionTimeDim1SizeDim2SizeNumVolumesVoxelSizeDim1VoxelSizeDim2VoxelSizeDim3_datatype-dwi_suffix-dwi,acquisition-64dir_datatype-dwi_suffix-dwi__34,acquisition-64dir_datatype-dwi_suffix-dwi,34,1,96.0,96.0,72.0,0.094,0.00072,90.0,False,3.0,72,44.0,False,,0.75,j-,4.5,0.068,False,2.0,2.0,2.0
,,,acquisition-64dirVARIANTRepetitionTimeDim1SizeDim2SizeVoxelSizeDim1VoxelSizeDim2VoxelSizeDim3_datatype-dwi_suffix-dwi,acquisition-64dir_datatype-dwi_suffix-dwi__35,acquisition-64dir_datatype-dwi_suffix-dwi,35,1,96.0,96.0,72.0,0.095,0.00074,90.0,False,3.0,72,129.0,False,,0.75,j-,4.5,0.07,False,2.0,2.0,2.0
,,,acquisition-64dirVARIANTDim3SizeNumVolumesObliquity_datatype-dwi_suffix-dwi,acquisition-64dir_datatype-dwi_suffix-dwi__36,acquisition-64dir_datatype-dwi_suffix-dwi,36,1,104.0,104.0,6201.0,0.1,0.00041,90.0,False,,0,1.0,True,2.0,1.0,j-,3.32,0.043,False,1.798,1.798,1.8
,,,acquisition-64dirVARIANTRepetitionTimeDim1SizeDim2SizeDim3SizeVoxelSizeDim1VoxelSizeDim2VoxelSizeDim3_datatype-dwi_suffix-dwi,acquisition-64dir_datatype-dwi_suffix-dwi__37,acquisition-64dir_datatype-dwi_suffix-dwi,37,1,140.0,140.0,81.0,0.089,0.00067,90.0,False,3.0,81,129.0,False,,0.75,j-,4.1,0.093,False,1.714,1.714,1.7
,,,acquisition-64dirVARIANTRepetitionTimeDim1SizeDim2SizeNumVolumesVoxelSizeDim1VoxelSizeDim2VoxelSizeDim3_datatype-dwi_suffix-dwi,acquisition-64dir_datatype-dwi_suffix-dwi__38,acquisition-64dir_datatype-dwi_suffix-dwi,38,1,96.0,96.0,72.0,0.094,0.00072,90.0,False,3.0,72,11.0,False,,0.75,j-,4.5,0.068,False,2.0,2.0,2.0
,,,acquisition-64dirVARIANTDim3SizeNumVolumesObliquity_datatype-dwi_suffix-dwi,acquisition-64dir_datatype-dwi_suffix-dwi__39,acquisition-64dir_datatype-dwi_suffix-dwi,39,1,104.0,104.0,6059.0,0.1,0.00041,90.0,False,,0,1.0,True,2.0,1.0,j-,3.32,0.043,False,1.798,1.798,1.8
,,,,acquisition-HCP_datatype-anat_run-1_suffix-T1w__1,acquisition-HCP_datatype-anat_run-1_suffix-T1w,1,136,224.0,320.0,320.0,0.003,,8.0,False,,0,1.0,False,2.0,1.0,,2.5,,False,0.8,0.8,0.8
,,,acquisition-HCPVARIANTRepetitionTimeDim1SizeDim2SizeDim3SizeObliquityVoxelSizeDim1VoxelSizeDim2VoxelSizeDim3_datatype-anat_run-1_suffix-T1w,acquisition-HCP_datatype-anat_run-1_suffix-T1w__2,acquisition-HCP_datatype-anat_run-1_suffix-T1w,2,1,nan,nan,nan,,,,False,,0,1.0,nan,,,,nan,,False,nan,nan,nan
,,,,acquisition-HCP_datatype-anat_run-2_suffix-T1w__1,acquisition-HCP_datatype-anat_run-2_suffix-T1w,1,136,224.0,320.0,320.0,0.003,,8.0,False,,0,1.0,False,2.0,1.0,,2.5,,False,0.8,0.8,0.8
,,,acquisition-HCPVARIANTDim1SizeDim2SizeDim3SizeVoxelSizeDim2VoxelSizeDim3_datatype-anat_run-2_suffix-T1w,acquisition-HCP_datatype-anat_run-2_suffix-T1w__2,acquisition-HCP_datatype-anat_run-2_suffix-T1w,2,1,144.0,256.0,256.0,0.003,,8.0,False,,0,1.0,False,4.0,1.0,,2.5,,False,0.8,1.0,1.0
,,,,acquisition-HCP_datatype-anat_suffix-T1w__1,acquisition-HCP_datatype-anat_suffix-T1w,1,2318,224.0,320.0,320.0,0.003,,8.0,False,,0,1.0,False,2.0,1.0,,2.5,,False,0.8,0.8,0.8
,,,acquisition-HCPVARIANTDim1SizeVoxelSizeDim1_datatype-anat_suffix-T1w,acquisition-HCP_datatype-anat_suffix-T1w__2,acquisition-HCP_datatype-anat_suffix-T1w,2,2,176.0,320.0,320.0,0.003,,8.0,False,,0,1.0,False,2.0,1.0,,2.5,,False,1.0,0.8,0.8
,,,acquisition-HCPVARIANTRepetitionTimeDim1SizeDim2SizeDim3SizeObliquityVoxelSizeDim1VoxelSizeDim2VoxelSizeDim3_datatype-anat_suffix-T1w,acquisition-HCP_datatype-anat_suffix-T1w__3,acquisition-HCP_datatype-anat_suffix-T1w,3,2,nan,nan,nan,,,,False,,0,1.0,nan,,,,nan,,False,nan,nan,nan
,,,acquisition-HCPVARIANTVoxelSizeDim2VoxelSizeDim3_datatype-anat_suffix-T1w,acquisition-HCP_datatype-anat_suffix-T1w__4,acquisition-HCP_datatype-anat_suffix-T1w,4,1,224.0,320.0,320.0,0.003,,8.0,False,,0,1.0,False,2.0,1.0,,2.5,,False,0.8,0.769,0.769
,,,acquisition-HCPVARIANTDim1SizeDim3Size_datatype-anat_suffix-T1w,acquisition-HCP_datatype-anat_suffix-T1w__5,acquisition-HCP_datatype-anat_suffix-T1w,5,1,320.0,320.0,224.0,0.003,,8.0,False,,0,1.0,False,2.0,1.0,,2.5,,False,0.8,0.8,0.8
,,,acquisition-HCPVARIANTDim1SizeDim2SizeDim3SizeVoxelSizeDim2VoxelSizeDim3_datatype-anat_suffix-T1w,acquisition-HCP_datatype-anat_suffix-T1w__6,acquisition-HCP_datatype-anat_suffix-T1w,6,1,144.0,256.0,256.0,0.003,,8.0,False,,0,1.0,False,4.0,1.0,,2.5,,False,0.8,1.0,1.0
,,,acquisition-HCPVARIANTDim1Size_datatype-anat_suffix-T1w,acquisition-HCP_datatype-anat_suffix-T1w__7,acquisition-HCP_datatype-anat_suffix-T1w,7,1,192.0,320.0,320.0,0.003,,8.0,False,,0,1.0,False,2.0,1.0,,2.5,,False,0.8,0.8,0.8
,,,acquisition-HCPVARIANTDim1Size_datatype-anat_suffix-T1w,acquisition-HCP_datatype-anat_suffix-T1w__8,acquisition-HCP_datatype-anat_suffix-T1w,8,1,131.0,320.0,320.0,0.003,,8.0,False,,0,1.0,False,2.0,1.0,,2.5,,False,0.8,0.8,0.8
,,,acquisition-HCPVARIANTDim1Size_datatype-anat_suffix-T1w,acquisition-HCP_datatype-anat_suffix-T1w__9,acquisition-HCP_datatype-anat_suffix-T1w,9,1,24.0,320.0,320.0,0.003,,8.0,False,,0,1.0,False,2.0,1.0,,2.5,,False,0.8,0.8,0.8
,,,acquisition-HCPVARIANTDim1Size_datatype-anat_suffix-T1w,acquisition-HCP_datatype-anat_suffix-T1w__10,acquisition-HCP_datatype-anat_suffix-T1w,10,1,21.0,320.0,320.0,0.003,,8.0,False,,0,1.0,False,2.0,1.0,,2.5,,False,0.8,0.8,0.8
,,,acquisition-HCPVARIANTDim1Size_datatype-anat_suffix-T1w,acquisition-HCP_datatype-anat_suffix-T1w__11,acquisition-HCP_datatype-anat_suffix-T1w,11,1,20.0,320.0,320.0,0.003,,8.0,False,,0,1.0,False,2.0,1.0,,2.5,,False,0.8,0.8,0.8
,,,,acquisition-VNavNorm_datatype-anat_run-1_suffix-T1w__1,acquisition-VNavNorm_datatype-anat_run-1_suffix-T1w,1,127,176.0,256.0,256.0,0.003,,8.0,False,,0,1.0,False,2.0,1.0,,2.5,,False,1.0,1.0,1.0
,,,acquisition-VNavNormVARIANTRepetitionTimeDim1SizeDim2SizeDim3SizeObliquityVoxelSizeDim1VoxelSizeDim2VoxelSizeDim3_datatype-anat_run-1_suffix-T1w,acquisition-VNavNorm_datatype-anat_run-1_suffix-T1w__2,acquisition-VNavNorm_datatype-anat_run-1_suffix-T1w,2,2,nan,nan,nan,,,,False,,0,1.0,nan,,,,nan,,False,nan,nan,nan
,,,,acquisition-VNavNorm_datatype-anat_run-2_suffix-T1w__1,acquisition-VNavNorm_datatype-anat_run-2_suffix-T1w,1,127,176.0,256.0,256.0,0.003,,8.0,False,,0,1.0,False,2.0,1.0,,2.5,,False,1.0,1.0,1.0
,,,acquisition-VNavNormVARIANTRepetitionTimeDim1SizeDim2SizeDim3SizeObliquityVoxelSizeDim1VoxelSizeDim2VoxelSizeDim3_datatype-anat_run-2_suffix-T1w,acquisition-VNavNorm_datatype-anat_run-2_suffix-T1w__2,acquisition-VNavNorm_datatype-anat_run-2_suffix-T1w,2,1,nan,nan,nan,,,,False,,0,1.0,nan,,,,nan,,False,nan,nan,nan
,,,,acquisition-VNavNorm_datatype-anat_suffix-T1w__1,acquisition-VNavNorm_datatype-anat_suffix-T1w,1,1124,176.0,256.0,256.0,0.003,,8.0,False,,0,1.0,False,2.0,1.0,,2.5,,False,1.0,1.0,1.0
,,,acquisition-VNavNormVARIANTRepetitionTimeDim1SizeDim2SizeDim3SizeObliquityVoxelSizeDim1VoxelSizeDim2VoxelSizeDim3_datatype-anat_suffix-T1w,acquisition-VNavNorm_datatype-anat_suffix-T1w__2,acquisition-VNavNorm_datatype-anat_suffix-T1w,2,4,nan,nan,nan,,,,False,,0,1.0,nan,,,,nan,,False,nan,nan,nan
,,,acquisition-VNavNormVARIANTDim1Size_datatype-anat_suffix-T1w,acquisition-VNavNorm_datatype-anat_suffix-T1w__3,acquisition-VNavNorm_datatype-anat_suffix-T1w,3,1,114.0,256.0,256.0,0.003,,8.0,False,,0,1.0,False,2.0,1.0,,2.5,,False,1.0,1.0,1.0
,,,acquisition-VNavNormVARIANTDim1SizeVoxelSizeDim1_datatype-anat_suffix-T1w,acquisition-VNavNorm_datatype-anat_suffix-T1w__4,acquisition-VNavNorm_datatype-anat_suffix-T1w,4,1,32.0,256.0,256.0,0.003,,8.0,False,,0,1.0,False,2.0,1.0,,2.5,,False,5.0,1.0,1.0
,,,,acquisition-VNav_datatype-anat_run-1_suffix-T1w__1,acquisition-VNav_datatype-anat_run-1_suffix-T1w,1,255,176.0,256.0,256.0,0.003,,8.0,False,,0,1.0,False,2.0,1.0,,2.5,,False,1.0,1.0,1.0
,,,acquisition-VNavVARIANTRepetitionTimeDim1SizeDim2SizeDim3SizeObliquityVoxelSizeDim1VoxelSizeDim2VoxelSizeDim3_datatype-anat_run-1_suffix-T1w,acquisition-VNav_datatype-anat_run-1_suffix-T1w__2,acquisition-VNav_datatype-anat_run-1_suffix-T1w,2,2,nan,nan,nan,,,,False,,0,1.0,nan,,,,nan,,False,nan,nan,nan
,,,,acquisition-VNav_datatype-anat_run-2_suffix-T1w__1,acquisition-VNav_datatype-anat_run-2_suffix-T1w,1,255,176.0,256.0,256.0,0.003,,8.0,False,,0,1.0,False,2.0,1.0,,2.5,,False,1.0,1.0,1.0
,,,acquisition-VNavVARIANTRepetitionTimeDim1SizeDim2SizeDim3SizeObliquityVoxelSizeDim1VoxelSizeDim2VoxelSizeDim3_datatype-anat_run-2_suffix-T1w,acquisition-VNav_datatype-anat_run-2_suffix-T1w__2,acquisition-VNav_datatype-anat_run-2_suffix-T1w,2,1,nan,nan,nan,,,,False,,0,1.0,nan,,,,nan,,False,nan,nan,nan
,,,,acquisition-VNav_datatype-anat_suffix-T1w__1,acquisition-VNav_datatype-anat_suffix-T1w,1,2245,176.0,256.0,256.0,0.003,,8.0,False,,0,1.0,False,2.0,1.0,,2.5,,False,1.0,1.0,1.0
,,,acquisition-VNavVARIANTRepetitionTimeDim1SizeDim2SizeDim3SizeObliquityVoxelSizeDim1VoxelSizeDim2VoxelSizeDim3_datatype-anat_suffix-T1w,acquisition-VNav_datatype-anat_suffix-T1w__2,acquisition-VNav_datatype-anat_suffix-T1w,2,4,nan,nan,nan,,,,False,,0,1.0,nan,,,,nan,,False,nan,nan,nan
,,,acquisition-VNavVARIANTDim1SizeVoxelSizeDim1_datatype-anat_suffix-T1w,acquisition-VNav_datatype-anat_suffix-T1w__3,acquisition-VNav_datatype-anat_suffix-T1w,3,2,32.0,256.0,256.0,0.003,,8.0,False,,0,1.0,False,2.0,1.0,,2.5,,False,5.0,1.0,1.0
,,,acquisition-VNavVARIANTDim1Size_datatype-anat_suffix-T1w,acquisition-VNav_datatype-anat_suffix-T1w__4,acquisition-VNav_datatype-anat_suffix-T1w,4,1,114.0,256.0,256.0,0.003,,8.0,False,,0,1.0,False,2.0,1.0,,2.5,,False,1.0,1.0,1.0
,,,acquisition-VNavVARIANTDim1Size_datatype-anat_suffix-T1w,acquisition-VNav_datatype-anat_suffix-T1w__5,acquisition-VNav_datatype-anat_suffix-T1w,5,1,112.0,256.0,256.0,0.003,,8.0,False,,0,1.0,False,2.0,1.0,,2.5,,False,1.0,1.0,1.0
,,,,acquisition-dwi_datatype-fmap_direction-AP_fmap-epi_suffix-epi__1,acquisition-dwi_datatype-fmap_direction-AP_fmap-epi_suffix-epi,1,928,104.0,104.0,72.0,0.1,0.00039,90.0,False,,0,1.0,False,2.0,1.0,j-,3.32,0.04,True,1.798,1.798,1.8
,,,acquisition-dwiVARIANTObliquity_datatype-fmap_direction-AP_fmap-epi_suffix-epi,acquisition-dwi_datatype-fmap_direction-AP_fmap-epi_suffix-epi__2,acquisition-dwi_datatype-fmap_direction-AP_fmap-epi_suffix-epi,2,871,104.0,104.0,72.0,0.1,0.00041,90.0,False,,0,1.0,True,2.0,1.0,j-,3.32,0.043,True,1.798,1.798,1.8
,,,acquisition-dwiVARIANTRepetitionTimeDim1SizeDim2SizeVoxelSizeDim1VoxelSizeDim2VoxelSizeDim3_datatype-fmap_direction-AP_fmap-epi_suffix-epi,acquisition-dwi_datatype-fmap_direction-AP_fmap-epi_suffix-epi__3,acquisition-dwi_datatype-fmap_direction-AP_fmap-epi_suffix-epi,3,279,96.0,96.0,72.0,0.076,0.00072,90.0,False,,0,1.0,False,,0.75,j-,3.11,0.068,True,2.0,2.0,2.0
,,,acquisition-dwiVARIANTObliquity_datatype-fmap_direction-AP_fmap-epi_suffix-epi,acquisition-dwi_datatype-fmap_direction-AP_fmap-epi_suffix-epi__4,acquisition-dwi_datatype-fmap_direction-AP_fmap-epi_suffix-epi,4,38,104.0,104.0,72.0,0.1,0.00039,90.0,False,,0,1.0,True,2.0,1.0,j-,3.32,0.04,True,1.798,1.798,1.8
,,,acquisition-dwiVARIANTObliquity_datatype-fmap_direction-AP_fmap-epi_suffix-epi,acquisition-dwi_datatype-fmap_direction-AP_fmap-epi_suffix-epi__5,acquisition-dwi_datatype-fmap_direction-AP_fmap-epi_suffix-epi,5,20,104.0,104.0,72.0,0.1,0.00041,90.0,False,,0,1.0,True,2.0,1.0,j-,3.32,0.043,False,1.798,1.798,1.8
,,,acquisition-dwiVARIANTRepetitionTimeDim1SizeDim2SizeDim3SizeNumVolumesVoxelSizeDim1VoxelSizeDim2VoxelSizeDim3_datatype-fmap_direction-AP_fmap-epi_suffix-epi,acquisition-dwi_datatype-fmap_direction-AP_fmap-epi_suffix-epi__6,acquisition-dwi_datatype-fmap_direction-AP_fmap-epi_suffix-epi,6,18,140.0,140.0,81.0,0.089,0.00067,90.0,False,,0,2.0,False,,0.75,j-,4.1,0.093,True,1.714,1.714,1.7
,,,acquisition-dwiVARIANTRepetitionTimeDim1SizeDim2SizeObliquityVoxelSizeDim1VoxelSizeDim2VoxelSizeDim3_datatype-fmap_direction-AP_fmap-epi_suffix-epi,acquisition-dwi_datatype-fmap_direction-AP_fmap-epi_suffix-epi__7,acquisition-dwi_datatype-fmap_direction-AP_fmap-epi_suffix-epi,7,12,96.0,96.0,72.0,0.076,0.00072,90.0,False,,0,1.0,True,,0.75,j-,3.11,0.068,True,2.0,2.0,2.0
,,,acquisition-dwiVARIANTOther_datatype-fmap_direction-AP_fmap-epi_suffix-epi,acquisition-dwi_datatype-fmap_direction-AP_fmap-epi_suffix-epi__8,acquisition-dwi_datatype-fmap_direction-AP_fmap-epi_suffix-epi,8,7,104.0,104.0,72.0,0.1,0.00041,90.0,False,,0,1.0,False,2.0,1.0,j-,3.32,0.043,True,1.798,1.798,1.8
,,,acquisition-dwiVARIANTOther_datatype-fmap_direction-AP_fmap-epi_suffix-epi,acquisition-dwi_datatype-fmap_direction-AP_fmap-epi_suffix-epi__9,acquisition-dwi_datatype-fmap_direction-AP_fmap-epi_suffix-epi,9,6,104.0,104.0,72.0,0.1,0.00039,90.0,False,,0,1.0,False,2.0,1.0,j-,3.32,0.04,False,1.798,1.798,1.8
,,,acquisition-dwiVARIANTDim3SizeVoxelSizeDim3_datatype-fmap_direction-AP_fmap-epi_suffix-epi,acquisition-dwi_datatype-fmap_direction-AP_fmap-epi_suffix-epi__10,acquisition-dwi_datatype-fmap_direction-AP_fmap-epi_suffix-epi,10,5,104.0,104.0,60.0,0.1,0.00039,90.0,False,,0,1.0,False,2.0,1.0,j-,3.32,0.04,True,1.798,1.798,2.4
,,,acquisition-dwiVARIANTRepetitionTimeDim1SizeDim2SizeDim3SizeNumVolumesVoxelSizeDim1VoxelSizeDim2VoxelSizeDim3_datatype-fmap_direction-AP_fmap-epi_suffix-epi,acquisition-dwi_datatype-fmap_direction-AP_fmap-epi_suffix-epi__11,acquisition-dwi_datatype-fmap_direction-AP_fmap-epi_suffix-epi,11,3,140.0,140.0,81.0,0.089,0.00067,90.0,False,,0,2.0,False,,0.75,j-,4.1,0.093,False,1.714,1.714,1.7
,,,acquisition-dwiVARIANTRepetitionTimeObliquity_datatype-fmap_direction-AP_fmap-epi_suffix-epi,acquisition-dwi_datatype-fmap_direction-AP_fmap-epi_suffix-epi__12,acquisition-dwi_datatype-fmap_direction-AP_fmap-epi_suffix-epi,12,1,104.0,104.0,72.0,0.1,0.00048,90.0,False,,0,1.0,True,2.0,1.0,j-,3.44,0.049,True,1.798,1.798,1.8
,,,acquisition-dwiVARIANTObliquity_datatype-fmap_direction-AP_fmap-epi_suffix-epi,acquisition-dwi_datatype-fmap_direction-AP_fmap-epi_suffix-epi__13,acquisition-dwi_datatype-fmap_direction-AP_fmap-epi_suffix-epi,13,1,104.0,104.0,72.0,0.1,0.00041,90.0,False,,0,1.0,True,2.0,1.0,j,3.32,0.043,True,1.798,1.798,1.8
,,,acquisition-dwiVARIANTRepetitionTimeDim1SizeDim2SizeDim3SizeNumVolumesObliquityVoxelSizeDim1VoxelSizeDim2VoxelSizeDim3_datatype-fmap_direction-AP_fmap-epi_suffix-epi,acquisition-dwi_datatype-fmap_direction-AP_fmap-epi_suffix-epi__14,acquisition-dwi_datatype-fmap_direction-AP_fmap-epi_suffix-epi,14,1,140.0,140.0,81.0,0.089,0.00067,90.0,False,,0,2.0,True,,0.75,j-,4.1,0.093,True,1.714,1.714,1.7
,,,acquisition-dwiVARIANTVoxelSizeDim1VoxelSizeDim2_datatype-fmap_direction-AP_fmap-epi_suffix-epi,acquisition-dwi_datatype-fmap_direction-AP_fmap-epi_suffix-epi__15,acquisition-dwi_datatype-fmap_direction-AP_fmap-epi_suffix-epi,15,1,104.0,104.0,72.0,0.1,0.00039,90.0,False,,0,1.0,False,2.0,1.0,j-,3.32,0.04,True,1.827,1.827,1.8
,,,acquisition-dwiVARIANTVoxelSizeDim3_datatype-fmap_direction-AP_fmap-epi_suffix-epi,acquisition-dwi_datatype-fmap_direction-AP_fmap-epi_suffix-epi__16,acquisition-dwi_datatype-fmap_direction-AP_fmap-epi_suffix-epi,16,1,104.0,104.0,72.0,0.1,0.00039,90.0,False,,0,1.0,False,2.0,1.0,j-,3.32,0.04,True,1.798,1.798,1.83
,,,acquisition-dwiVARIANTObliquityVoxelSizeDim1VoxelSizeDim2_datatype-fmap_direction-AP_fmap-epi_suffix-epi,acquisition-dwi_datatype-fmap_direction-AP_fmap-epi_suffix-epi__17,acquisition-dwi_datatype-fmap_direction-AP_fmap-epi_suffix-epi,17,1,104.0,104.0,72.0,0.1,0.00041,90.0,False,,0,1.0,True,2.0,1.0,j-,3.32,0.043,True,1.846,1.846,1.8
,,,acquisition-dwiVARIANTRepetitionTimeDim1SizeDim2SizeVoxelSizeDim1VoxelSizeDim2VoxelSizeDim3_datatype-fmap_direction-AP_fmap-epi_suffix-epi,acquisition-dwi_datatype-fmap_direction-AP_fmap-epi_suffix-epi__18,acquisition-dwi_datatype-fmap_direction-AP_fmap-epi_suffix-epi,18,1,96.0,96.0,72.0,0.076,0.00074,90.0,False,,0,1.0,False,,0.75,i,3.14,0.07,True,2.0,2.0,2.0
,,,acquisition-dwiVARIANTObliquity_datatype-fmap_direction-AP_fmap-epi_suffix-epi,acquisition-dwi_datatype-fmap_direction-AP_fmap-epi_suffix-epi__19,acquisition-dwi_datatype-fmap_direction-AP_fmap-epi_suffix-epi,19,1,104.0,104.0,72.0,0.1,0.00041,90.0,False,,0,1.0,True,2.0,1.0,i,3.32,0.043,True,1.798,1.798,1.8
,,,acquisition-dwiVARIANTRepetitionTimeDim1SizeDim2SizeVoxelSizeDim1VoxelSizeDim2VoxelSizeDim3_datatype-fmap_direction-AP_fmap-epi_suffix-epi,acquisition-dwi_datatype-fmap_direction-AP_fmap-epi_suffix-epi__20,acquisition-dwi_datatype-fmap_direction-AP_fmap-epi_suffix-epi,20,1,96.0,96.0,72.0,0.076,0.00072,90.0,False,,0,1.0,False,,0.75,j-,3.11,0.068,False,2.0,2.0,2.0
,,,,acquisition-dwi_datatype-fmap_direction-PA_fmap-epi_suffix-epi__1,acquisition-dwi_datatype-fmap_direction-PA_fmap-epi_suffix-epi,1,893,104.0,104.0,72.0,0.1,0.00039,90.0,False,,0,1.0,False,2.0,1.0,j,3.32,0.04,True,1.798,1.798,1.8
,,,acquisition-dwiVARIANTObliquity_datatype-fmap_direction-PA_fmap-epi_suffix-epi,acquisition-dwi_datatype-fmap_direction-PA_fmap-epi_suffix-epi__2,acquisition-dwi_datatype-fmap_direction-PA_fmap-epi_suffix-epi,2,846,104.0,104.0,72.0,0.1,0.00041,90.0,False,,0,1.0,True,2.0,1.0,j,3.32,0.043,True,1.798,1.798,1.8
,,,acquisition-dwiVARIANTRepetitionTimeDim1SizeDim2SizeVoxelSizeDim1VoxelSizeDim2VoxelSizeDim3_datatype-fmap_direction-PA_fmap-epi_suffix-epi,acquisition-dwi_datatype-fmap_direction-PA_fmap-epi_suffix-epi__3,acquisition-dwi_datatype-fmap_direction-PA_fmap-epi_suffix-epi,3,283,96.0,96.0,72.0,0.076,0.00072,90.0,False,,0,1.0,False,,0.75,j,3.11,0.068,True,2.0,2.0,2.0
,,,acquisition-dwiVARIANTObliquity_datatype-fmap_direction-PA_fmap-epi_suffix-epi,acquisition-dwi_datatype-fmap_direction-PA_fmap-epi_suffix-epi__4,acquisition-dwi_datatype-fmap_direction-PA_fmap-epi_suffix-epi,4,31,104.0,104.0,72.0,0.1,0.00039,90.0,False,,0,1.0,True,2.0,1.0,j,3.32,0.04,True,1.798,1.798,1.8
,,,acquisition-dwiVARIANTObliquity_datatype-fmap_direction-PA_fmap-epi_suffix-epi,acquisition-dwi_datatype-fmap_direction-PA_fmap-epi_suffix-epi__5,acquisition-dwi_datatype-fmap_direction-PA_fmap-epi_suffix-epi,5,28,104.0,104.0,72.0,0.1,0.00041,90.0,False,,0,1.0,True,2.0,1.0,i-,3.32,0.043,True,1.798,1.798,1.8
,,,acquisition-dwiVARIANTOther_datatype-fmap_direction-PA_fmap-epi_suffix-epi,acquisition-dwi_datatype-fmap_direction-PA_fmap-epi_suffix-epi__6,acquisition-dwi_datatype-fmap_direction-PA_fmap-epi_suffix-epi,6,27,104.0,104.0,72.0,0.1,0.00039,90.0,False,,0,1.0,False,2.0,1.0,i,3.32,0.04,True,1.798,1.798,1.8
,,,acquisition-dwiVARIANTRepetitionTimeDim1SizeDim2SizeDim3SizeNumVolumesVoxelSizeDim1VoxelSizeDim2VoxelSizeDim3_datatype-fmap_direction-PA_fmap-epi_suffix-epi,acquisition-dwi_datatype-fmap_direction-PA_fmap-epi_suffix-epi__7,acquisition-dwi_datatype-fmap_direction-PA_fmap-epi_suffix-epi,7,18,140.0,140.0,81.0,0.089,0.00067,90.0,False,,0,2.0,False,,0.75,j,4.1,0.093,True,1.714,1.714,1.7
,,,acquisition-dwiVARIANTObliquity_datatype-fmap_direction-PA_fmap-epi_suffix-epi,acquisition-dwi_datatype-fmap_direction-PA_fmap-epi_suffix-epi__8,acquisition-dwi_datatype-fmap_direction-PA_fmap-epi_suffix-epi,8,15,104.0,104.0,72.0,0.1,0.00041,90.0,False,,0,1.0,True,2.0,1.0,j,3.32,0.043,False,1.798,1.798,1.8
,,,acquisition-dwiVARIANTRepetitionTimeDim1SizeDim2SizeObliquityVoxelSizeDim1VoxelSizeDim2VoxelSizeDim3_datatype-fmap_direction-PA_fmap-epi_suffix-epi,acquisition-dwi_datatype-fmap_direction-PA_fmap-epi_suffix-epi__9,acquisition-dwi_datatype-fmap_direction-PA_fmap-epi_suffix-epi,9,11,96.0,96.0,72.0,0.076,0.00072,90.0,False,,0,1.0,True,,0.75,j,3.11,0.068,True,2.0,2.0,2.0
,,,acquisition-dwiVARIANTOther_datatype-fmap_direction-PA_fmap-epi_suffix-epi,acquisition-dwi_datatype-fmap_direction-PA_fmap-epi_suffix-epi__10,acquisition-dwi_datatype-fmap_direction-PA_fmap-epi_suffix-epi,10,7,104.0,104.0,72.0,0.1,0.00039,90.0,False,,0,1.0,False,2.0,1.0,j-,3.32,0.04,True,1.798,1.798,1.8
,,,acquisition-dwiVARIANTOther_datatype-fmap_direction-PA_fmap-epi_suffix-epi,acquisition-dwi_datatype-fmap_direction-PA_fmap-epi_suffix-epi__11,acquisition-dwi_datatype-fmap_direction-PA_fmap-epi_suffix-epi,11,6,104.0,104.0,72.0,0.1,0.00039,90.0,False,,0,1.0,False,2.0,1.0,j,3.32,0.04,False,1.798,1.798,1.8
,,,acquisition-dwiVARIANTOther_datatype-fmap_direction-PA_fmap-epi_suffix-epi,acquisition-dwi_datatype-fmap_direction-PA_fmap-epi_suffix-epi__12,acquisition-dwi_datatype-fmap_direction-PA_fmap-epi_suffix-epi,12,6,104.0,104.0,72.0,0.1,0.00041,90.0,False,,0,1.0,False,2.0,1.0,j,3.32,0.043,True,1.798,1.798,1.8
,,,acquisition-dwiVARIANTDim1SizeDim2SizeDim3SizeObliquityVoxelSizeDim1VoxelSizeDim2VoxelSizeDim3_datatype-fmap_direction-PA_fmap-epi_suffix-epi,acquisition-dwi_datatype-fmap_direction-PA_fmap-epi_suffix-epi__13,acquisition-dwi_datatype-fmap_direction-PA_fmap-epi_suffix-epi,13,5,84.0,84.0,60.0,0.1,0.00041,90.0,False,,0,1.0,True,2.0,1.0,j,3.32,0.043,False,2.405,2.405,2.4
,,,acquisition-dwiVARIANTObliquity_datatype-fmap_direction-PA_fmap-epi_suffix-epi,acquisition-dwi_datatype-fmap_direction-PA_fmap-epi_suffix-epi__14,acquisition-dwi_datatype-fmap_direction-PA_fmap-epi_suffix-epi,14,5,104.0,104.0,72.0,0.1,0.00039,90.0,False,,0,1.0,True,2.0,1.0,i,3.32,0.04,True,1.798,1.798,1.8
,,,acquisition-dwiVARIANTDim3SizeVoxelSizeDim3_datatype-fmap_direction-PA_fmap-epi_suffix-epi,acquisition-dwi_datatype-fmap_direction-PA_fmap-epi_suffix-epi__15,acquisition-dwi_datatype-fmap_direction-PA_fmap-epi_suffix-epi,15,5,104.0,104.0,60.0,0.1,0.00039,90.0,False,,0,1.0,False,2.0,1.0,j,3.32,0.04,True,1.798,1.798,2.4
,,,acquisition-dwiVARIANTRepetitionTimeDim1SizeDim2SizeDim3SizeNumVolumesVoxelSizeDim1VoxelSizeDim2VoxelSizeDim3_datatype-fmap_direction-PA_fmap-epi_suffix-epi,acquisition-dwi_datatype-fmap_direction-PA_fmap-epi_suffix-epi__16,acquisition-dwi_datatype-fmap_direction-PA_fmap-epi_suffix-epi,16,3,140.0,140.0,81.0,0.089,0.00067,90.0,False,,0,2.0,False,,0.75,j,4.1,0.093,False,1.714,1.714,1.7
,,,acquisition-dwiVARIANTRepetitionTimeDim1SizeDim2SizeDim3SizeObliquityVoxelSizeDim1VoxelSizeDim2VoxelSizeDim3_datatype-fmap_direction-PA_fmap-epi_suffix-epi,acquisition-dwi_datatype-fmap_direction-PA_fmap-epi_suffix-epi__17,acquisition-dwi_datatype-fmap_direction-PA_fmap-epi_suffix-epi,17,3,84.0,84.0,60.0,0.051,0.00055,90.0,False,,60,1.0,True,,1.0,j,5.301,0.046,False,2.405,2.405,2.4
,,,acquisition-dwiVARIANTObliquity_datatype-fmap_direction-PA_fmap-epi_suffix-epi,acquisition-dwi_datatype-fmap_direction-PA_fmap-epi_suffix-epi__18,acquisition-dwi_datatype-fmap_direction-PA_fmap-epi_suffix-epi,18,2,104.0,104.0,72.0,0.1,0.00039,90.0,False,,0,1.0,True,2.0,1.0,j-,3.32,0.04,True,1.798,1.798,1.8
,,,acquisition-dwiVARIANTObliquity_datatype-fmap_direction-PA_fmap-epi_suffix-epi,acquisition-dwi_datatype-fmap_direction-PA_fmap-epi_suffix-epi__19,acquisition-dwi_datatype-fmap_direction-PA_fmap-epi_suffix-epi,19,1,104.0,104.0,72.0,0.1,0.00041,90.0,False,,0,1.0,True,2.0,1.0,i,3.32,0.043,True,1.798,1.798,1.8
,,,acquisition-dwiVARIANTDim3Size_datatype-fmap_direction-PA_fmap-epi_suffix-epi,acquisition-dwi_datatype-fmap_direction-PA_fmap-epi_suffix-epi__20,acquisition-dwi_datatype-fmap_direction-PA_fmap-epi_suffix-epi,20,1,104.0,104.0,39.0,0.1,0.00039,90.0,False,,0,1.0,False,2.0,1.0,j,3.32,0.04,True,1.798,1.798,1.8
,,,acquisition-dwiVARIANTRepetitionTimeObliquity_datatype-fmap_direction-PA_fmap-epi_suffix-epi,acquisition-dwi_datatype-fmap_direction-PA_fmap-epi_suffix-epi__21,acquisition-dwi_datatype-fmap_direction-PA_fmap-epi_suffix-epi,21,1,104.0,104.0,72.0,0.1,0.0005,90.0,False,,0,1.0,True,2.0,1.0,j,3.44,0.051,True,1.798,1.798,1.8
,,,acquisition-dwiVARIANTObliquity_datatype-fmap_direction-PA_fmap-epi_suffix-epi,acquisition-dwi_datatype-fmap_direction-PA_fmap-epi_suffix-epi__22,acquisition-dwi_datatype-fmap_direction-PA_fmap-epi_suffix-epi,22,1,104.0,104.0,72.0,0.1,0.00041,90.0,False,,0,1.0,True,2.0,1.0,j-,3.32,0.043,True,1.798,1.798,1.8
,,,acquisition-dwiVARIANTRepetitionTimeDim1SizeDim2SizeDim3SizeNumVolumesObliquityVoxelSizeDim1VoxelSizeDim2VoxelSizeDim3_datatype-fmap_direction-PA_fmap-epi_suffix-epi,acquisition-dwi_datatype-fmap_direction-PA_fmap-epi_suffix-epi__23,acquisition-dwi_datatype-fmap_direction-PA_fmap-epi_suffix-epi,23,1,140.0,140.0,81.0,0.089,0.00067,90.0,False,,0,2.0,True,,0.75,j,4.1,0.093,True,1.714,1.714,1.7
,,,acquisition-dwiVARIANTVoxelSizeDim1VoxelSizeDim2_datatype-fmap_direction-PA_fmap-epi_suffix-epi,acquisition-dwi_datatype-fmap_direction-PA_fmap-epi_suffix-epi__24,acquisition-dwi_datatype-fmap_direction-PA_fmap-epi_suffix-epi,24,1,104.0,104.0,72.0,0.1,0.00039,90.0,False,,0,1.0,False,2.0,1.0,j,3.32,0.04,True,1.827,1.827,1.8
,,,acquisition-dwiVARIANTDim3Size_datatype-fmap_direction-PA_fmap-epi_suffix-epi,acquisition-dwi_datatype-fmap_direction-PA_fmap-epi_suffix-epi__25,acquisition-dwi_datatype-fmap_direction-PA_fmap-epi_suffix-epi,25,1,104.0,104.0,39.0,0.1,0.00039,90.0,False,,0,1.0,False,2.0,1.0,j-,3.32,0.04,True,1.798,1.798,1.8
,,,acquisition-dwiVARIANTRepetitionTimeDim1SizeDim2SizeVoxelSizeDim1VoxelSizeDim2VoxelSizeDim3_datatype-fmap_direction-PA_fmap-epi_suffix-epi,acquisition-dwi_datatype-fmap_direction-PA_fmap-epi_suffix-epi__26,acquisition-dwi_datatype-fmap_direction-PA_fmap-epi_suffix-epi,26,1,96.0,96.0,72.0,0.076,0.00072,90.0,False,,0,1.0,False,,0.75,j,3.11,0.068,False,2.0,2.0,2.0
,,,acquisition-dwiVARIANTObliquity_datatype-fmap_direction-PA_fmap-epi_suffix-epi,acquisition-dwi_datatype-fmap_direction-PA_fmap-epi_suffix-epi__27,acquisition-dwi_datatype-fmap_direction-PA_fmap-epi_suffix-epi,27,1,104.0,104.0,72.0,0.1,0.00041,90.0,False,,0,1.0,True,2.0,1.0,i,3.32,0.043,False,1.798,1.798,1.8
,,,acquisition-dwiVARIANTRepetitionTimeDim1SizeDim2SizeDim3SizeObliquityVoxelSizeDim1VoxelSizeDim2VoxelSizeDim3_datatype-fmap_direction-PA_fmap-epi_suffix-epi,acquisition-dwi_datatype-fmap_direction-PA_fmap-epi_suffix-epi__28,acquisition-dwi_datatype-fmap_direction-PA_fmap-epi_suffix-epi,28,1,84.0,84.0,60.0,0.051,0.00055,90.0,False,,60,1.0,True,,1.0,j-,5.301,0.046,False,2.405,2.405,2.4
,,,,acquisition-fMRI_datatype-fmap_direction-AP_fmap-epi_suffix-epi__1,acquisition-fMRI_datatype-fmap_direction-AP_fmap-epi_suffix-epi,1,1152,84.0,84.0,60.0,0.051,0.00055,90.0,False,,60,1.0,True,,1.0,j-,5.301,0.046,True,2.405,2.405,2.4
,,,acquisition-fMRIVARIANTOther_datatype-fmap_direction-AP_fmap-epi_suffix-epi,acquisition-fMRI_datatype-fmap_direction-AP_fmap-epi_suffix-epi__2,acquisition-fMRI_datatype-fmap_direction-AP_fmap-epi_suffix-epi,2,795,84.0,84.0,60.0,0.051,0.0005,90.0,False,,60,1.0,True,,1.0,j-,5.301,0.041,True,2.405,2.405,2.4
,,,acquisition-fMRIVARIANTObliquity_datatype-fmap_direction-AP_fmap-epi_suffix-epi,acquisition-fMRI_datatype-fmap_direction-AP_fmap-epi_suffix-epi__3,acquisition-fMRI_datatype-fmap_direction-AP_fmap-epi_suffix-epi,3,186,84.0,84.0,60.0,0.051,0.0005,90.0,False,,60,1.0,False,,1.0,j-,5.301,0.041,True,2.405,2.405,2.4
,,,acquisition-fMRIVARIANTOther_datatype-fmap_direction-AP_fmap-epi_suffix-epi,acquisition-fMRI_datatype-fmap_direction-AP_fmap-epi_suffix-epi__4,acquisition-fMRI_datatype-fmap_direction-AP_fmap-epi_suffix-epi,4,32,84.0,84.0,60.0,0.051,0.0005,90.0,False,,60,1.0,True,,1.0,j-,5.301,0.041,False,2.405,2.405,2.4
,,,acquisition-fMRIVARIANTRepetitionTimeDim1SizeDim2SizeVoxelSizeDim1VoxelSizeDim2_datatype-fmap_direction-AP_fmap-epi_suffix-epi,acquisition-fMRI_datatype-fmap_direction-AP_fmap-epi_suffix-epi__5,acquisition-fMRI_datatype-fmap_direction-AP_fmap-epi_suffix-epi,5,26,90.0,90.0,60.0,0.08,0.00051,90.0,False,,0,1.0,True,,1.0,j-,7.03,0.045,True,2.4,2.4,2.4
,,,acquisition-fMRIVARIANTObliquity_datatype-fmap_direction-AP_fmap-epi_suffix-epi,acquisition-fMRI_datatype-fmap_direction-AP_fmap-epi_suffix-epi__6,acquisition-fMRI_datatype-fmap_direction-AP_fmap-epi_suffix-epi,6,14,84.0,84.0,60.0,0.051,0.00055,90.0,False,,60,1.0,False,,1.0,j-,5.301,0.046,True,2.405,2.405,2.4
,,,acquisition-fMRIVARIANTOther_datatype-fmap_direction-AP_fmap-epi_suffix-epi,acquisition-fMRI_datatype-fmap_direction-AP_fmap-epi_suffix-epi__7,acquisition-fMRI_datatype-fmap_direction-AP_fmap-epi_suffix-epi,7,13,84.0,84.0,60.0,0.051,0.00055,90.0,False,,60,1.0,True,,1.0,j-,5.301,0.046,False,2.405,2.405,2.4
,,,acquisition-fMRIVARIANTObliquity_datatype-fmap_direction-AP_fmap-epi_suffix-epi,acquisition-fMRI_datatype-fmap_direction-AP_fmap-epi_suffix-epi__8,acquisition-fMRI_datatype-fmap_direction-AP_fmap-epi_suffix-epi,8,7,84.0,84.0,60.0,0.051,0.0005,90.0,False,,60,1.0,False,,1.0,j-,5.301,0.041,False,2.405,2.405,2.4
,,,acquisition-fMRIVARIANTVoxelSizeDim1VoxelSizeDim2_datatype-fmap_direction-AP_fmap-epi_suffix-epi,acquisition-fMRI_datatype-fmap_direction-AP_fmap-epi_suffix-epi__9,acquisition-fMRI_datatype-fmap_direction-AP_fmap-epi_suffix-epi,9,2,84.0,84.0,60.0,0.051,0.00055,90.0,False,,60,1.0,True,,1.0,j-,5.301,0.046,True,2.393,2.393,2.4
,,,acquisition-fMRIVARIANTOther_datatype-fmap_direction-AP_fmap-epi_suffix-epi,acquisition-fMRI_datatype-fmap_direction-AP_fmap-epi_suffix-epi__10,acquisition-fMRI_datatype-fmap_direction-AP_fmap-epi_suffix-epi,10,1,84.0,84.0,60.0,0.051,0.00055,90.0,False,,60,1.0,True,,1.0,j,5.301,0.046,True,2.405,2.405,2.4
,,,acquisition-fMRIVARIANTObliquity_datatype-fmap_direction-AP_fmap-epi_suffix-epi,acquisition-fMRI_datatype-fmap_direction-AP_fmap-epi_suffix-epi__11,acquisition-fMRI_datatype-fmap_direction-AP_fmap-epi_suffix-epi,11,1,84.0,84.0,60.0,0.051,0.00055,90.0,False,,60,1.0,False,,1.0,j,5.301,0.046,True,2.405,2.405,2.4
,,,acquisition-fMRIVARIANTRepetitionTimeDim1SizeDim2SizeVoxelSizeDim1VoxelSizeDim2_datatype-fmap_direction-AP_fmap-epi_suffix-epi,acquisition-fMRI_datatype-fmap_direction-AP_fmap-epi_suffix-epi__12,acquisition-fMRI_datatype-fmap_direction-AP_fmap-epi_suffix-epi,12,1,90.0,90.0,60.0,0.08,0.00051,90.0,False,,0,1.0,True,,1.0,j-,7.03,0.045,False,2.4,2.4,2.4
,,,acquisition-fMRIVARIANTRepetitionTime_datatype-fmap_direction-AP_fmap-epi_suffix-epi,acquisition-fMRI_datatype-fmap_direction-AP_fmap-epi_suffix-epi__13,acquisition-fMRI_datatype-fmap_direction-AP_fmap-epi_suffix-epi,13,1,84.0,84.0,60.0,0.066,0.00072,90.0,False,,60,1.0,True,,1.0,i,6.61,0.06,True,2.405,2.405,2.4
,,,acquisition-fMRIVARIANTRepetitionTime_datatype-fmap_direction-AP_fmap-epi_suffix-epi,acquisition-fMRI_datatype-fmap_direction-AP_fmap-epi_suffix-epi__14,acquisition-fMRI_datatype-fmap_direction-AP_fmap-epi_suffix-epi,14,1,84.0,84.0,60.0,0.06,0.00065,90.0,False,,60,1.0,True,,1.0,i-,6.09,0.054,True,2.405,2.405,2.4
,,,acquisition-fMRIVARIANTVoxelSizeDim1VoxelSizeDim2_datatype-fmap_direction-AP_fmap-epi_suffix-epi,acquisition-fMRI_datatype-fmap_direction-AP_fmap-epi_suffix-epi__15,acquisition-fMRI_datatype-fmap_direction-AP_fmap-epi_suffix-epi,15,1,84.0,84.0,60.0,0.051,0.00055,90.0,False,,60,1.0,True,,1.0,j-,5.301,0.046,True,2.417,2.417,2.4
,,,,acquisition-fMRI_datatype-fmap_direction-PA_fmap-epi_suffix-epi__1,acquisition-fMRI_datatype-fmap_direction-PA_fmap-epi_suffix-epi,1,1135,84.0,84.0,60.0,0.051,0.00055,90.0,False,,60,1.0,True,,1.0,j,5.301,0.046,True,2.405,2.405,2.4
,,,acquisition-fMRIVARIANTOther_datatype-fmap_direction-PA_fmap-epi_suffix-epi,acquisition-fMRI_datatype-fmap_direction-PA_fmap-epi_suffix-epi__2,acquisition-fMRI_datatype-fmap_direction-PA_fmap-epi_suffix-epi,2,796,84.0,84.0,60.0,0.051,0.0005,90.0,False,,60,1.0,True,,1.0,j,5.301,0.041,True,2.405,2.405,2.4
,,,acquisition-fMRIVARIANTObliquity_datatype-fmap_direction-PA_fmap-epi_suffix-epi,acquisition-fMRI_datatype-fmap_direction-PA_fmap-epi_suffix-epi__3,acquisition-fMRI_datatype-fmap_direction-PA_fmap-epi_suffix-epi,3,176,84.0,84.0,60.0,0.051,0.0005,90.0,False,,60,1.0,False,,1.0,j,5.301,0.041,True,2.405,2.405,2.4
,,,acquisition-fMRIVARIANTOther_datatype-fmap_direction-PA_fmap-epi_suffix-epi,acquisition-fMRI_datatype-fmap_direction-PA_fmap-epi_suffix-epi__4,acquisition-fMRI_datatype-fmap_direction-PA_fmap-epi_suffix-epi,4,32,84.0,84.0,60.0,0.051,0.0005,90.0,False,,60,1.0,True,,1.0,j,5.301,0.041,False,2.405,2.405,2.4
,,,acquisition-fMRIVARIANTRepetitionTimeDim1SizeDim2SizeVoxelSizeDim1VoxelSizeDim2_datatype-fmap_direction-PA_fmap-epi_suffix-epi,acquisition-fMRI_datatype-fmap_direction-PA_fmap-epi_suffix-epi__5,acquisition-fMRI_datatype-fmap_direction-PA_fmap-epi_suffix-epi,5,26,90.0,90.0,60.0,0.08,0.00051,90.0,False,,0,1.0,True,,1.0,j,7.03,0.045,True,2.4,2.4,2.4
,,,acquisition-fMRIVARIANTOther_datatype-fmap_direction-PA_fmap-epi_suffix-epi,acquisition-fMRI_datatype-fmap_direction-PA_fmap-epi_suffix-epi__6,acquisition-fMRI_datatype-fmap_direction-PA_fmap-epi_suffix-epi,6,16,84.0,84.0,60.0,0.051,0.00055,90.0,False,,60,1.0,True,,1.0,j-,5.301,0.046,True,2.405,2.405,2.4
,,,acquisition-fMRIVARIANTObliquity_datatype-fmap_direction-PA_fmap-epi_suffix-epi,acquisition-fMRI_datatype-fmap_direction-PA_fmap-epi_suffix-epi__7,acquisition-fMRI_datatype-fmap_direction-PA_fmap-epi_suffix-epi,7,13,84.0,84.0,60.0,0.051,0.00055,90.0,False,,60,1.0,False,,1.0,j,5.301,0.046,True,2.405,2.405,2.4
,,,acquisition-fMRIVARIANTOther_datatype-fmap_direction-PA_fmap-epi_suffix-epi,acquisition-fMRI_datatype-fmap_direction-PA_fmap-epi_suffix-epi__8,acquisition-fMRI_datatype-fmap_direction-PA_fmap-epi_suffix-epi,8,12,84.0,84.0,60.0,0.051,0.00055,90.0,False,,60,1.0,True,,1.0,j,5.301,0.046,False,2.405,2.405,2.4
,,,acquisition-fMRIVARIANTObliquity_datatype-fmap_direction-PA_fmap-epi_suffix-epi,acquisition-fMRI_datatype-fmap_direction-PA_fmap-epi_suffix-epi__9,acquisition-fMRI_datatype-fmap_direction-PA_fmap-epi_suffix-epi,9,6,84.0,84.0,60.0,0.051,0.0005,90.0,False,,60,1.0,False,,1.0,j,5.301,0.041,False,2.405,2.405,2.4
,,,acquisition-fMRIVARIANTRepetitionTime_datatype-fmap_direction-PA_fmap-epi_suffix-epi,acquisition-fMRI_datatype-fmap_direction-PA_fmap-epi_suffix-epi__10,acquisition-fMRI_datatype-fmap_direction-PA_fmap-epi_suffix-epi,10,3,84.0,84.0,60.0,0.066,0.00072,90.0,False,,60,1.0,True,,1.0,i,6.61,0.06,True,2.405,2.405,2.4
,,,acquisition-fMRIVARIANTObliquity_datatype-fmap_direction-PA_fmap-epi_suffix-epi,acquisition-fMRI_datatype-fmap_direction-PA_fmap-epi_suffix-epi__11,acquisition-fMRI_datatype-fmap_direction-PA_fmap-epi_suffix-epi,11,1,84.0,84.0,60.0,0.051,0.00055,90.0,False,,60,1.0,False,,1.0,j-,5.301,0.046,True,2.405,2.405,2.4
,,,acquisition-fMRIVARIANTRepetitionTimeDim1SizeDim2SizeVoxelSizeDim1VoxelSizeDim2_datatype-fmap_direction-PA_fmap-epi_suffix-epi,acquisition-fMRI_datatype-fmap_direction-PA_fmap-epi_suffix-epi__12,acquisition-fMRI_datatype-fmap_direction-PA_fmap-epi_suffix-epi,12,1,90.0,90.0,60.0,0.08,0.00051,90.0,False,,0,1.0,True,,1.0,j,7.03,0.045,False,2.4,2.4,2.4
,,,acquisition-fMRIVARIANTOther_datatype-fmap_direction-PA_fmap-epi_suffix-epi,acquisition-fMRI_datatype-fmap_direction-PA_fmap-epi_suffix-epi__13,acquisition-fMRI_datatype-fmap_direction-PA_fmap-epi_suffix-epi,13,1,84.0,84.0,60.0,0.051,0.00055,90.0,False,,60,1.0,True,,1.0,j-,5.301,0.046,False,2.405,2.405,2.4
,,,,datatype-anat_suffix-T1w__1,datatype-anat_suffix-T1w,1,2318,224.0,320.0,320.0,0.003,,8.0,False,,0,1.0,False,2.0,1.0,,2.5,,False,0.8,0.8,0.8
,,,acquisition-VARIANTDim1SizeDim2SizeDim3SizeVoxelSizeDim1VoxelSizeDim2VoxelSizeDim3_datatype-anat_suffix-T1w,datatype-anat_suffix-T1w__2,datatype-anat_suffix-T1w,2,2245,176.0,256.0,256.0,0.003,,8.0,False,,0,1.0,False,2.0,1.0,,2.5,,False,1.0,1.0,1.0
,,,acquisition-VARIANTRepetitionTimeDim1SizeDim2SizeDim3SizeVoxelSizeDim1VoxelSizeDim2VoxelSizeDim3_datatype-anat_suffix-T1w,datatype-anat_suffix-T1w__3,datatype-anat_suffix-T1w,3,343,176.0,256.0,256.0,0.002,,7.0,False,,0,1.0,False,2.0,1.0,,2.73,,False,1.0,1.0,1.0
,,,acquisition-VARIANTRepetitionTimeDim1SizeDim2SizeDim3SizeObliquityVoxelSizeDim1VoxelSizeDim2VoxelSizeDim3_datatype-anat_suffix-T1w,datatype-anat_suffix-T1w__4,datatype-anat_suffix-T1w,4,6,nan,nan,nan,,,,False,,0,1.0,nan,,,,nan,,False,nan,nan,nan
,,,acquisition-VARIANTDim1SizeVoxelSizeDim1_datatype-anat_suffix-T1w,datatype-anat_suffix-T1w__5,datatype-anat_suffix-T1w,5,2,176.0,320.0,320.0,0.003,,8.0,False,,0,1.0,False,2.0,1.0,,2.5,,False,1.0,0.8,0.8
,,,acquisition-VARIANTDim1SizeDim2SizeDim3SizeVoxelSizeDim1VoxelSizeDim2VoxelSizeDim3_datatype-anat_suffix-T1w,datatype-anat_suffix-T1w__6,datatype-anat_suffix-T1w,6,2,32.0,256.0,256.0,0.003,,8.0,False,,0,1.0,False,2.0,1.0,,2.5,,False,5.0,1.0,1.0
,,,acquisition-VARIANTDim1SizeDim2SizeDim3SizeVoxelSizeDim1VoxelSizeDim2VoxelSizeDim3_datatype-anat_suffix-T1w,datatype-anat_suffix-T1w__7,datatype-anat_suffix-T1w,7,1,114.0,256.0,256.0,0.003,,8.0,False,,0,1.0,False,2.0,1.0,,2.5,,False,1.0,1.0,1.0
,,,acquisition-VARIANTVoxelSizeDim2VoxelSizeDim3_datatype-anat_suffix-T1w,datatype-anat_suffix-T1w__8,datatype-anat_suffix-T1w,8,1,224.0,320.0,320.0,0.003,,8.0,False,,0,1.0,False,2.0,1.0,,2.5,,False,0.8,0.769,0.769
,,,acquisition-VARIANTDim1SizeDim2SizeDim3SizeVoxelSizeDim1VoxelSizeDim2VoxelSizeDim3_datatype-anat_suffix-T1w,datatype-anat_suffix-T1w__9,datatype-anat_suffix-T1w,9,1,112.0,256.0,256.0,0.003,,8.0,False,,0,1.0,False,2.0,1.0,,2.5,,False,1.0,1.0,1.0
,,,acquisition-VARIANTDim1SizeDim3Size_datatype-anat_suffix-T1w,datatype-anat_suffix-T1w__10,datatype-anat_suffix-T1w,10,1,320.0,320.0,224.0,0.003,,8.0,False,,0,1.0,False,2.0,1.0,,2.5,,False,0.8,0.8,0.8
,,,acquisition-VARIANTDim1SizeDim2SizeDim3SizeVoxelSizeDim2VoxelSizeDim3_datatype-anat_suffix-T1w,datatype-anat_suffix-T1w__11,datatype-anat_suffix-T1w,11,1,144.0,256.0,256.0,0.003,,8.0,False,,0,1.0,False,4.0,1.0,,2.5,,False,0.8,1.0,1.0
,,,acquisition-VARIANTDim1Size_datatype-anat_suffix-T1w,datatype-anat_suffix-T1w__12,datatype-anat_suffix-T1w,12,1,192.0,320.0,320.0,0.003,,8.0,False,,0,1.0,False,2.0,1.0,,2.5,,False,0.8,0.8,0.8
,,,acquisition-VARIANTDim1Size_datatype-anat_suffix-T1w,datatype-anat_suffix-T1w__13,datatype-anat_suffix-T1w,13,1,131.0,320.0,320.0,0.003,,8.0,False,,0,1.0,False,2.0,1.0,,2.5,,False,0.8,0.8,0.8
,,,acquisition-VARIANTDim1Size_datatype-anat_suffix-T1w,datatype-anat_suffix-T1w__14,datatype-anat_suffix-T1w,14,1,24.0,320.0,320.0,0.003,,8.0,False,,0,1.0,False,2.0,1.0,,2.5,,False,0.8,0.8,0.8
,,,acquisition-VARIANTDim1Size_datatype-anat_suffix-T1w,datatype-anat_suffix-T1w__15,datatype-anat_suffix-T1w,15,1,21.0,320.0,320.0,0.003,,8.0,False,,0,1.0,False,2.0,1.0,,2.5,,False,0.8,0.8,0.8
,,,acquisition-VARIANTDim1Size_datatype-anat_suffix-T1w,datatype-anat_suffix-T1w__16,datatype-anat_suffix-T1w,16,1,20.0,320.0,320.0,0.003,,8.0,False,,0,1.0,False,2.0,1.0,,2.5,,False,0.8,0.8,0.8
,,,,datatype-fmap_fmap-magnitude1_suffix-magnitude1__1,datatype-fmap_fmap-magnitude1_suffix-magnitude1,1,308,64.0,64.0,42.0,0.003,,90.0,False,,0,1.0,True,,1.0,j-,0.492,,True,3.0,3.0,3.0
,,,acquisition-VARIANTObliquity_datatype-fmap_fmap-magnitude1_suffix-magnitude1,datatype-fmap_fmap-magnitude1_suffix-magnitude1__2,datatype-fmap_fmap-magnitude1_suffix-magnitude1,2,27,64.0,64.0,42.0,0.003,,90.0,False,,0,1.0,False,,1.0,j-,0.492,,True,3.0,3.0,3.0
,,,acquisition-VARIANTOther_datatype-fmap_fmap-magnitude1_suffix-magnitude1,datatype-fmap_fmap-magnitude1_suffix-magnitude1__3,datatype-fmap_fmap-magnitude1_suffix-magnitude1,3,5,64.0,64.0,42.0,0.003,,90.0,False,,0,1.0,True,,1.0,j-,0.492,,False,3.0,3.0,3.0
,,,,datatype-fmap_fmap-magnitude2_suffix-magnitude2__1,datatype-fmap_fmap-magnitude2_suffix-magnitude2,1,308,64.0,64.0,42.0,0.008,,90.0,False,,0,1.0,True,,1.0,j-,0.492,,True,3.0,3.0,3.0
,,,acquisition-VARIANTObliquity_datatype-fmap_fmap-magnitude2_suffix-magnitude2,datatype-fmap_fmap-magnitude2_suffix-magnitude2__2,datatype-fmap_fmap-magnitude2_suffix-magnitude2,2,27,64.0,64.0,42.0,0.008,,90.0,False,,0,1.0,False,,1.0,j-,0.492,,True,3.0,3.0,3.0
,,,acquisition-VARIANTOther_datatype-fmap_fmap-magnitude2_suffix-magnitude2,datatype-fmap_fmap-magnitude2_suffix-magnitude2__3,datatype-fmap_fmap-magnitude2_suffix-magnitude2,3,5,64.0,64.0,42.0,0.008,,90.0,False,,0,1.0,True,,1.0,j-,0.492,,False,3.0,3.0,3.0
,,,,datatype-fmap_fmap-phasediff_suffix-phasediff__1,datatype-fmap_fmap-phasediff_suffix-phasediff,1,308,64.0,64.0,42.0,0.008,,90.0,False,,0,1.0,True,,1.0,j-,0.492,,True,3.0,3.0,3.0
,,,acquisition-VARIANTObliquity_datatype-fmap_fmap-phasediff_suffix-phasediff,datatype-fmap_fmap-phasediff_suffix-phasediff__2,datatype-fmap_fmap-phasediff_suffix-phasediff,2,27,64.0,64.0,42.0,0.008,,90.0,False,,0,1.0,False,,1.0,j-,0.492,,True,3.0,3.0,3.0
,,,acquisition-VARIANTOther_datatype-fmap_fmap-phasediff_suffix-phasediff,datatype-fmap_fmap-phasediff_suffix-phasediff__3,datatype-fmap_fmap-phasediff_suffix-phasediff,3,5,64.0,64.0,42.0,0.008,,90.0,False,,0,1.0,True,,1.0,j-,0.492,,False,3.0,3.0,3.0
,,,,datatype-func_run-1_suffix-bold_task-peer__1,datatype-func_run-1_suffix-bold_task-peer,1,1138,84.0,84.0,60.0,0.03,0.00058,31.0,False,6.0,60,135.0,True,,1.0,j-,0.8,0.048,False,2.429,2.429,2.4
,,,acquisition-VARIANTOther_datatype-func_run-1_suffix-bold_task-peer,datatype-func_run-1_suffix-bold_task-peer__2,datatype-func_run-1_suffix-bold_task-peer,2,646,84.0,84.0,60.0,0.03,0.00059,31.0,False,6.0,60,135.0,True,,1.0,j-,0.8,0.049,False,2.429,2.429,2.4
,,,acquisition-VARIANTObliquity_datatype-func_run-1_suffix-bold_task-peer,datatype-func_run-1_suffix-bold_task-peer__3,datatype-func_run-1_suffix-bold_task-peer,3,154,84.0,84.0,60.0,0.03,0.00059,31.0,False,6.0,60,135.0,False,,1.0,j-,0.8,0.049,False,2.429,2.429,2.4
,,,acquisition-VARIANTDim1SizeDim2SizeDim3SizeVoxelSizeDim1VoxelSizeDim2_datatype-func_run-1_suffix-bold_task-peer,datatype-func_run-1_suffix-bold_task-peer__4,datatype-func_run-1_suffix-bold_task-peer,4,24,90.0,90.0,66.0,0.03,0.0005,52.0,False,6.0,66,135.0,True,,1.0,j-,0.8,0.045,False,2.4,2.4,2.4
,,,acquisition-VARIANTObliquity_datatype-func_run-1_suffix-bold_task-peer,datatype-func_run-1_suffix-bold_task-peer__5,datatype-func_run-1_suffix-bold_task-peer,5,14,84.0,84.0,60.0,0.03,0.00058,31.0,False,6.0,60,135.0,False,,1.0,j-,0.8,0.048,False,2.429,2.429,2.4
,,,acquisition-VARIANTOther_datatype-func_run-1_suffix-bold_task-peer,datatype-func_run-1_suffix-bold_task-peer__6,datatype-func_run-1_suffix-bold_task-peer,6,3,84.0,84.0,60.0,0.036,0.00071,31.0,False,6.0,60,135.0,True,,1.0,i,0.8,0.059,False,2.429,2.429,2.4
,,,,datatype-func_run-1_suffix-bold_task-rest__1,datatype-func_run-1_suffix-bold_task-rest,1,935,84.0,84.0,60.0,0.03,0.00058,31.0,False,6.0,60,375.0,True,,1.0,j-,0.8,0.048,False,2.429,2.429,2.4
,,,acquisition-VARIANTOther_datatype-func_run-1_suffix-bold_task-rest,datatype-func_run-1_suffix-bold_task-rest__2,datatype-func_run-1_suffix-bold_task-rest,2,710,84.0,84.0,60.0,0.03,0.00059,31.0,False,6.0,60,375.0,True,,1.0,j-,0.8,0.049,False,2.429,2.429,2.4
,,,acquisition-VARIANTObliquity_datatype-func_run-1_suffix-bold_task-rest,datatype-func_run-1_suffix-bold_task-rest__3,datatype-func_run-1_suffix-bold_task-rest,3,162,84.0,84.0,60.0,0.03,0.00059,31.0,False,6.0,60,375.0,False,,1.0,j-,0.8,0.049,False,2.429,2.429,2.4
,,,acquisition-VARIANTDim1SizeDim2SizeDim3SizeNumVolumesVoxelSizeDim1VoxelSizeDim2_datatype-func_run-1_suffix-bold_task-rest,datatype-func_run-1_suffix-bold_task-rest__4,datatype-func_run-1_suffix-bold_task-rest,4,23,90.0,90.0,66.0,0.03,0.0005,52.0,False,6.0,66,370.0,True,,1.0,j-,0.8,0.045,False,2.4,2.4,2.4
,,,acquisition-VARIANTObliquity_datatype-func_run-1_suffix-bold_task-rest,datatype-func_run-1_suffix-bold_task-rest__5,datatype-func_run-1_suffix-bold_task-rest,5,11,84.0,84.0,60.0,0.03,0.00058,31.0,False,6.0,60,375.0,False,,1.0,j-,0.8,0.048,False,2.429,2.429,2.4
,,,acquisition-VARIANTNumVolumes_datatype-func_run-1_suffix-bold_task-rest,datatype-func_run-1_suffix-bold_task-rest__6,datatype-func_run-1_suffix-bold_task-rest,6,1,84.0,84.0,60.0,0.03,0.00058,31.0,False,6.0,60,176.0,True,,1.0,j-,0.8,0.048,False,2.429,2.429,2.4
,,,acquisition-VARIANTNumVolumes_datatype-func_run-1_suffix-bold_task-rest,datatype-func_run-1_suffix-bold_task-rest__7,datatype-func_run-1_suffix-bold_task-rest,7,1,84.0,84.0,60.0,0.03,0.00058,31.0,False,6.0,60,252.0,True,,1.0,j-,0.8,0.048,False,2.429,2.429,2.4
,,,acquisition-VARIANTNumVolumes_datatype-func_run-1_suffix-bold_task-rest,datatype-func_run-1_suffix-bold_task-rest__8,datatype-func_run-1_suffix-bold_task-rest,8,1,84.0,84.0,60.0,0.03,0.00058,31.0,False,6.0,60,374.0,True,,1.0,j-,0.8,0.048,False,2.429,2.429,2.4
,,,acquisition-VARIANTNumVolumes_datatype-func_run-1_suffix-bold_task-rest,datatype-func_run-1_suffix-bold_task-rest__9,datatype-func_run-1_suffix-bold_task-rest,9,1,84.0,84.0,60.0,0.03,0.00059,31.0,False,6.0,60,303.0,True,,1.0,j-,0.8,0.049,False,2.429,2.429,2.4
,,,acquisition-VARIANTNumVolumes_datatype-func_run-1_suffix-bold_task-rest,datatype-func_run-1_suffix-bold_task-rest__10,datatype-func_run-1_suffix-bold_task-rest,10,1,84.0,84.0,60.0,0.03,0.00058,31.0,False,6.0,60,34.0,True,,1.0,j-,0.8,0.048,False,2.429,2.429,2.4
,,,acquisition-VARIANTNumVolumesObliquity_datatype-func_run-1_suffix-bold_task-rest,datatype-func_run-1_suffix-bold_task-rest__11,datatype-func_run-1_suffix-bold_task-rest,11,1,84.0,84.0,60.0,0.03,0.00059,31.0,False,6.0,60,164.0,False,,1.0,j-,0.8,0.049,False,2.429,2.429,2.4
,,,acquisition-VARIANTNumVolumesObliquity_datatype-func_run-1_suffix-bold_task-rest,datatype-func_run-1_suffix-bold_task-rest__12,datatype-func_run-1_suffix-bold_task-rest,12,1,84.0,84.0,60.0,0.03,0.00059,31.0,False,6.0,60,147.0,False,,1.0,j-,0.8,0.049,False,2.429,2.429,2.4
,,,acquisition-VARIANTNumVolumes_datatype-func_run-1_suffix-bold_task-rest,datatype-func_run-1_suffix-bold_task-rest__13,datatype-func_run-1_suffix-bold_task-rest,13,1,84.0,84.0,60.0,0.03,0.00058,31.0,False,6.0,60,112.0,True,,1.0,j-,0.8,0.048,False,2.429,2.429,2.4
,,,,datatype-func_run-2_suffix-bold_task-peer__1,datatype-func_run-2_suffix-bold_task-peer,1,779,84.0,84.0,60.0,0.03,0.00058,31.0,False,6.0,60,135.0,True,,1.0,j-,0.8,0.048,False,2.429,2.429,2.4
,,,acquisition-VARIANTOther_datatype-func_run-2_suffix-bold_task-peer,datatype-func_run-2_suffix-bold_task-peer__2,datatype-func_run-2_suffix-bold_task-peer,2,309,84.0,84.0,60.0,0.03,0.00059,31.0,False,6.0,60,135.0,True,,1.0,j-,0.8,0.049,False,2.429,2.429,2.4
,,,acquisition-VARIANTDim1SizeDim2SizeDim3SizeVoxelSizeDim1VoxelSizeDim2_datatype-func_run-2_suffix-bold_task-peer,datatype-func_run-2_suffix-bold_task-peer__3,datatype-func_run-2_suffix-bold_task-peer,3,24,90.0,90.0,66.0,0.03,0.0005,52.0,False,6.0,66,135.0,True,,1.0,j-,0.8,0.045,False,2.4,2.4,2.4
,,,acquisition-VARIANTObliquity_datatype-func_run-2_suffix-bold_task-peer,datatype-func_run-2_suffix-bold_task-peer__4,datatype-func_run-2_suffix-bold_task-peer,4,22,84.0,84.0,60.0,0.03,0.00059,31.0,False,6.0,60,135.0,False,,1.0,j-,0.8,0.049,False,2.429,2.429,2.4
,,,acquisition-VARIANTObliquity_datatype-func_run-2_suffix-bold_task-peer,datatype-func_run-2_suffix-bold_task-peer__5,datatype-func_run-2_suffix-bold_task-peer,5,6,84.0,84.0,60.0,0.03,0.00058,31.0,False,6.0,60,135.0,False,,1.0,j-,0.8,0.048,False,2.429,2.429,2.4
,,,acquisition-VARIANTNumVolumes_datatype-func_run-2_suffix-bold_task-peer,datatype-func_run-2_suffix-bold_task-peer__6,datatype-func_run-2_suffix-bold_task-peer,6,1,84.0,84.0,60.0,0.03,0.00058,31.0,False,6.0,60,134.0,True,,1.0,j-,0.8,0.048,False,2.429,2.429,2.4
,,,,datatype-func_run-2_suffix-bold_task-rest__1,datatype-func_run-2_suffix-bold_task-rest,1,894,84.0,84.0,60.0,0.03,0.00058,31.0,False,6.0,60,375.0,True,,1.0,j-,0.8,0.048,False,2.429,2.429,2.4
,,,acquisition-VARIANTOther_datatype-func_run-2_suffix-bold_task-rest,datatype-func_run-2_suffix-bold_task-rest__2,datatype-func_run-2_suffix-bold_task-rest,2,698,84.0,84.0,60.0,0.03,0.00059,31.0,False,6.0,60,375.0,True,,1.0,j-,0.8,0.049,False,2.429,2.429,2.4
,,,acquisition-VARIANTObliquity_datatype-func_run-2_suffix-bold_task-rest,datatype-func_run-2_suffix-bold_task-rest__3,datatype-func_run-2_suffix-bold_task-rest,3,154,84.0,84.0,60.0,0.03,0.00059,31.0,False,6.0,60,375.0,False,,1.0,j-,0.8,0.049,False,2.429,2.429,2.4
,,,acquisition-VARIANTDim1SizeDim2SizeDim3SizeNumVolumesVoxelSizeDim1VoxelSizeDim2_datatype-func_run-2_suffix-bold_task-rest,datatype-func_run-2_suffix-bold_task-rest__4,datatype-func_run-2_suffix-bold_task-rest,4,23,90.0,90.0,66.0,0.03,0.0005,52.0,False,6.0,66,370.0,True,,1.0,j-,0.8,0.045,False,2.4,2.4,2.4
,,,acquisition-VARIANTObliquity_datatype-func_run-2_suffix-bold_task-rest,datatype-func_run-2_suffix-bold_task-rest__5,datatype-func_run-2_suffix-bold_task-rest,5,8,84.0,84.0,60.0,0.03,0.00058,31.0,False,6.0,60,375.0,False,,1.0,j-,0.8,0.048,False,2.429,2.429,2.4
,,,acquisition-VARIANTNumVolumes_datatype-func_run-2_suffix-bold_task-rest,datatype-func_run-2_suffix-bold_task-rest__6,datatype-func_run-2_suffix-bold_task-rest,6,1,84.0,84.0,60.0,0.03,0.00058,31.0,False,6.0,60,263.0,True,,1.0,j-,0.8,0.048,False,2.429,2.429,2.4
,,,acquisition-VARIANTNumVolumes_datatype-func_run-2_suffix-bold_task-rest,datatype-func_run-2_suffix-bold_task-rest__7,datatype-func_run-2_suffix-bold_task-rest,7,1,84.0,84.0,60.0,0.03,0.00058,31.0,False,6.0,60,294.0,True,,1.0,j-,0.8,0.048,False,2.429,2.429,2.4
,,,,datatype-func_run-3_suffix-bold_task-peer__1,datatype-func_run-3_suffix-bold_task-peer,1,1024,84.0,84.0,60.0,0.03,0.00058,31.0,False,6.0,60,135.0,True,,1.0,j-,0.8,0.048,False,2.429,2.429,2.4
,,,acquisition-VARIANTOther_datatype-func_run-3_suffix-bold_task-peer,datatype-func_run-3_suffix-bold_task-peer__2,datatype-func_run-3_suffix-bold_task-peer,2,615,84.0,84.0,60.0,0.03,0.00059,31.0,False,6.0,60,135.0,True,,1.0,j-,0.8,0.049,False,2.429,2.429,2.4
,,,acquisition-VARIANTObliquity_datatype-func_run-3_suffix-bold_task-peer,datatype-func_run-3_suffix-bold_task-peer__3,datatype-func_run-3_suffix-bold_task-peer,3,148,84.0,84.0,60.0,0.03,0.00059,31.0,False,6.0,60,135.0,False,,1.0,j-,0.8,0.049,False,2.429,2.429,2.4
,,,acquisition-VARIANTDim1SizeDim2SizeDim3SizeVoxelSizeDim1VoxelSizeDim2_datatype-func_run-3_suffix-bold_task-peer,datatype-func_run-3_suffix-bold_task-peer__4,datatype-func_run-3_suffix-bold_task-peer,4,22,90.0,90.0,66.0,0.03,0.0005,52.0,False,6.0,66,135.0,True,,1.0,j-,0.8,0.045,False,2.4,2.4,2.4
,,,acquisition-VARIANTObliquity_datatype-func_run-3_suffix-bold_task-peer,datatype-func_run-3_suffix-bold_task-peer__5,datatype-func_run-3_suffix-bold_task-peer,5,10,84.0,84.0,60.0,0.03,0.00058,31.0,False,6.0,60,135.0,False,,1.0,j-,0.8,0.048,False,2.429,2.429,2.4
,,,acquisition-VARIANTOther_datatype-func_run-3_suffix-bold_task-peer,datatype-func_run-3_suffix-bold_task-peer__6,datatype-func_run-3_suffix-bold_task-peer,6,1,84.0,84.0,60.0,0.03,0.00058,31.0,False,6.0,60,135.0,True,,1.0,i,0.8,0.048,False,2.429,2.429,2.4
,,,,datatype-func_suffix-bold_task-movieDM__1,datatype-func_suffix-bold_task-movieDM,1,984,84.0,84.0,60.0,0.03,0.00058,31.0,False,6.0,60,750.0,True,,1.0,j-,0.8,0.048,False,2.429,2.429,2.4
,,,acquisition-VARIANTOther_datatype-func_suffix-bold_task-movieDM,datatype-func_suffix-bold_task-movieDM__2,datatype-func_suffix-bold_task-movieDM,2,632,84.0,84.0,60.0,0.03,0.00059,31.0,False,6.0,60,750.0,True,,1.0,j-,0.8,0.049,False,2.429,2.429,2.4
,,,acquisition-VARIANTObliquity_datatype-func_suffix-bold_task-movieDM,datatype-func_suffix-bold_task-movieDM__3,datatype-func_suffix-bold_task-movieDM,3,149,84.0,84.0,60.0,0.03,0.00059,31.0,False,6.0,60,750.0,False,,1.0,j-,0.8,0.049,False,2.429,2.429,2.4
,,,acquisition-VARIANTDim1SizeDim2SizeDim3SizeNumVolumesVoxelSizeDim1VoxelSizeDim2_datatype-func_suffix-bold_task-movieDM,datatype-func_suffix-bold_task-movieDM__4,datatype-func_suffix-bold_task-movieDM,4,21,90.0,90.0,66.0,0.03,0.0005,52.0,False,6.0,66,752.0,True,,1.0,j-,0.8,0.045,False,2.4,2.4,2.4
,,,acquisition-VARIANTObliquity_datatype-func_suffix-bold_task-movieDM,datatype-func_suffix-bold_task-movieDM__5,datatype-func_suffix-bold_task-movieDM,5,9,84.0,84.0,60.0,0.03,0.00058,31.0,False,6.0,60,750.0,False,,1.0,j-,0.8,0.048,False,2.429,2.429,2.4
,,,acquisition-VARIANTDim1SizeDim2SizeDim3SizeNumVolumesVoxelSizeDim1VoxelSizeDim2_datatype-func_suffix-bold_task-movieDM,datatype-func_suffix-bold_task-movieDM__6,datatype-func_suffix-bold_task-movieDM,6,2,90.0,90.0,66.0,0.03,0.0005,52.0,False,6.0,66,748.0,True,,1.0,j-,0.8,0.045,False,2.4,2.4,2.4
,,,acquisition-VARIANTNumVolumes_datatype-func_suffix-bold_task-movieDM,datatype-func_suffix-bold_task-movieDM__7,datatype-func_suffix-bold_task-movieDM,7,1,84.0,84.0,60.0,0.03,0.00058,31.0,False,6.0,60,574.0,True,,1.0,j-,0.8,0.048,False,2.429,2.429,2.4
,,,acquisition-VARIANTNumVolumesObliquity_datatype-func_suffix-bold_task-movieDM,datatype-func_suffix-bold_task-movieDM__8,datatype-func_suffix-bold_task-movieDM,8,1,84.0,84.0,60.0,0.03,0.00059,31.0,False,6.0,60,212.0,False,,1.0,j-,0.8,0.049,False,2.429,2.429,2.4
,,,acquisition-VARIANTNumVolumes_datatype-func_suffix-bold_task-movieDM,datatype-func_suffix-bold_task-movieDM__9,datatype-func_suffix-bold_task-movieDM,9,1,84.0,84.0,60.0,0.03,0.00058,31.0,False,6.0,60,594.0,True,,1.0,j-,0.8,0.048,False,2.429,2.429,2.4
,,,acquisition-VARIANTNumVolumesObliquity_datatype-func_suffix-bold_task-movieDM,datatype-func_suffix-bold_task-movieDM__10,datatype-func_suffix-bold_task-movieDM,10,1,84.0,84.0,60.0,0.03,0.00058,31.0,False,6.0,60,749.0,False,,1.0,j-,0.8,0.048,False,2.429,2.429,2.4
,,,acquisition-VARIANTNumVolumes_datatype-func_suffix-bold_task-movieDM,datatype-func_suffix-bold_task-movieDM__11,datatype-func_suffix-bold_task-movieDM,11,1,84.0,84.0,60.0,0.03,0.00058,31.0,False,6.0,60,130.0,True,,1.0,j-,0.8,0.048,False,2.429,2.429,2.4
,,,acquisition-VARIANTNumVolumesObliquity_datatype-func_suffix-bold_task-movieDM,datatype-func_suffix-bold_task-movieDM__12,datatype-func_suffix-bold_task-movieDM,12,1,84.0,84.0,60.0,0.03,0.00059,31.0,False,6.0,60,620.0,False,,1.0,j-,0.8,0.049,False,2.429,2.429,2.4
,,,acquisition-VARIANTNumVolumes_datatype-func_suffix-bold_task-movieDM,datatype-func_suffix-bold_task-movieDM__13,datatype-func_suffix-bold_task-movieDM,13,1,84.0,84.0,60.0,0.03,0.00059,31.0,False,6.0,60,277.0,True,,1.0,j-,0.8,0.049,False,2.429,2.429,2.4
,,,acquisition-VARIANTNumVolumesObliquity_datatype-func_suffix-bold_task-movieDM,datatype-func_suffix-bold_task-movieDM__14,datatype-func_suffix-bold_task-movieDM,14,1,84.0,84.0,60.0,0.03,0.00059,31.0,False,6.0,60,589.0,False,,1.0,j-,0.8,0.049,False,2.429,2.429,2.4
,,,acquisition-VARIANTNumVolumes_datatype-func_suffix-bold_task-movieDM,datatype-func_suffix-bold_task-movieDM__15,datatype-func_suffix-bold_task-movieDM,15,1,84.0,84.0,60.0,0.03,0.00058,31.0,False,6.0,60,214.0,True,,1.0,j-,0.8,0.048,False,2.429,2.429,2.4
,,,acquisition-VARIANTNumVolumes_datatype-func_suffix-bold_task-movieDM,datatype-func_suffix-bold_task-movieDM__16,datatype-func_suffix-bold_task-movieDM,16,1,84.0,84.0,60.0,0.03,0.00058,31.0,False,6.0,60,375.0,True,,1.0,j-,0.8,0.048,False,2.429,2.429,2.4
,,,acquisition-VARIANTNumVolumes_datatype-func_suffix-bold_task-movieDM,datatype-func_suffix-bold_task-movieDM__17,datatype-func_suffix-bold_task-movieDM,17,1,84.0,84.0,60.0,0.03,0.00058,31.0,False,6.0,60,289.0,True,,1.0,j-,0.8,0.048,False,2.429,2.429,2.4
,,,acquisition-VARIANTNumVolumes_datatype-func_suffix-bold_task-movieDM,datatype-func_suffix-bold_task-movieDM__18,datatype-func_suffix-bold_task-movieDM,18,1,84.0,84.0,60.0,0.03,0.00059,31.0,False,6.0,60,708.0,True,,1.0,j-,0.8,0.049,False,2.429,2.429,2.4
,,,acquisition-VARIANTNumVolumes_datatype-func_suffix-bold_task-movieDM,datatype-func_suffix-bold_task-movieDM__19,datatype-func_suffix-bold_task-movieDM,19,1,84.0,84.0,60.0,0.03,0.00059,31.0,False,6.0,60,353.0,True,,1.0,j-,0.8,0.049,False,2.429,2.429,2.4
,,,acquisition-VARIANTNumVolumes_datatype-func_suffix-bold_task-movieDM,datatype-func_suffix-bold_task-movieDM__20,datatype-func_suffix-bold_task-movieDM,20,1,84.0,84.0,60.0,0.03,0.00058,31.0,False,6.0,60,115.0,True,,1.0,j-,0.8,0.048,False,2.429,2.429,2.4
,,,acquisition-VARIANTNumVolumes_datatype-func_suffix-bold_task-movieDM,datatype-func_suffix-bold_task-movieDM__21,datatype-func_suffix-bold_task-movieDM,21,1,84.0,84.0,60.0,0.03,0.00058,31.0,False,6.0,60,208.0,True,,1.0,j-,0.8,0.048,False,2.429,2.429,2.4
,,,acquisition-VARIANTNumVolumes_datatype-func_suffix-bold_task-movieDM,datatype-func_suffix-bold_task-movieDM__22,datatype-func_suffix-bold_task-movieDM,22,1,84.0,84.0,60.0,0.03,0.00058,31.0,False,6.0,60,657.0,True,,1.0,j-,0.8,0.048,False,2.429,2.429,2.4
,,,acquisition-VARIANTNumVolumes_datatype-func_suffix-bold_task-movieDM,datatype-func_suffix-bold_task-movieDM__23,datatype-func_suffix-bold_task-movieDM,23,1,84.0,84.0,60.0,0.03,0.00058,31.0,False,6.0,60,748.0,True,,1.0,j-,0.8,0.048,False,2.429,2.429,2.4
,,,acquisition-VARIANTNumVolumes_datatype-func_suffix-bold_task-movieDM,datatype-func_suffix-bold_task-movieDM__24,datatype-func_suffix-bold_task-movieDM,24,1,84.0,84.0,60.0,0.03,0.00058,31.0,False,6.0,60,139.0,True,,1.0,j-,0.8,0.048,False,2.429,2.429,2.4
,,,acquisition-VARIANTNumVolumes_datatype-func_suffix-bold_task-movieDM,datatype-func_suffix-bold_task-movieDM__25,datatype-func_suffix-bold_task-movieDM,25,1,84.0,84.0,60.0,0.03,0.00058,31.0,False,6.0,60,340.0,True,,1.0,j-,0.8,0.048,False,2.429,2.429,2.4
,,,acquisition-VARIANTDim1SizeDim2SizeDim3SizeNumVolumesVoxelSizeDim1VoxelSizeDim2_datatype-func_suffix-bold_task-movieDM,datatype-func_suffix-bold_task-movieDM__26,datatype-func_suffix-bold_task-movieDM,26,1,90.0,90.0,66.0,0.03,0.0005,52.0,False,6.0,66,202.0,True,,1.0,j-,0.8,0.045,False,2.4,2.4,2.4
,,,,datatype-func_suffix-bold_task-movieTP__1,datatype-func_suffix-bold_task-movieTP,1,1039,84.0,84.0,60.0,0.03,0.00058,31.0,False,6.0,60,250.0,True,,1.0,j-,0.8,0.048,False,2.429,2.429,2.4
,,,acquisition-VARIANTOther_datatype-func_suffix-bold_task-movieTP,datatype-func_suffix-bold_task-movieTP__2,datatype-func_suffix-bold_task-movieTP,2,622,84.0,84.0,60.0,0.03,0.00059,31.0,False,6.0,60,250.0,True,,1.0,j-,0.8,0.049,False,2.429,2.429,2.4
,,,acquisition-VARIANTObliquity_datatype-func_suffix-bold_task-movieTP,datatype-func_suffix-bold_task-movieTP__3,datatype-func_suffix-bold_task-movieTP,3,154,84.0,84.0,60.0,0.03,0.00059,31.0,False,6.0,60,250.0,False,,1.0,j-,0.8,0.049,False,2.429,2.429,2.4
,,,acquisition-VARIANTDim1SizeDim2SizeDim3SizeNumVolumesVoxelSizeDim1VoxelSizeDim2_datatype-func_suffix-bold_task-movieTP,datatype-func_suffix-bold_task-movieTP__4,datatype-func_suffix-bold_task-movieTP,4,23,90.0,90.0,66.0,0.03,0.0005,52.0,False,6.0,66,255.0,True,,1.0,j-,0.8,0.045,False,2.4,2.4,2.4
,,,acquisition-VARIANTObliquity_datatype-func_suffix-bold_task-movieTP,datatype-func_suffix-bold_task-movieTP__5,datatype-func_suffix-bold_task-movieTP,5,8,84.0,84.0,60.0,0.03,0.00058,31.0,False,6.0,60,250.0,False,,1.0,j-,0.8,0.048,False,2.429,2.429,2.4
,,,acquisition-VARIANTNumVolumes_datatype-func_suffix-bold_task-movieTP,datatype-func_suffix-bold_task-movieTP__6,datatype-func_suffix-bold_task-movieTP,6,1,84.0,84.0,60.0,0.03,0.00059,31.0,False,6.0,60,99.0,True,,1.0,j-,0.8,0.049,False,2.429,2.429,2.4
,,,acquisition-VARIANTNumVolumes_datatype-func_suffix-bold_task-movieTP,datatype-func_suffix-bold_task-movieTP__7,datatype-func_suffix-bold_task-movieTP,7,1,84.0,84.0,60.0,0.03,0.00058,31.0,False,6.0,60,227.0,True,,1.0,j-,0.8,0.048,False,2.429,2.429,2.4
,,,acquisition-VARIANTNumVolumes_datatype-func_suffix-bold_task-movieTP,datatype-func_suffix-bold_task-movieTP__8,datatype-func_suffix-bold_task-movieTP,8,1,84.0,84.0,60.0,0.03,0.00059,31.0,False,6.0,60,202.0,True,,1.0,j-,0.8,0.049,False,2.429,2.429,2.4
,,,acquisition-VARIANTOther_datatype-func_suffix-bold_task-movieTP,datatype-func_suffix-bold_task-movieTP__9,datatype-func_suffix-bold_task-movieTP,9,1,84.0,84.0,60.0,0.03,0.00058,31.0,False,6.0,60,250.0,True,,1.0,i,0.8,0.048,False,2.429,2.429,2.4
,,,acquisition-VARIANTDim1SizeDim2SizeDim3SizeNumVolumesVoxelSizeDim1VoxelSizeDim2_datatype-func_suffix-bold_task-movieTP,datatype-func_suffix-bold_task-movieTP__10,datatype-func_suffix-bold_task-movieTP,10,1,90.0,90.0,66.0,0.03,0.0005,52.0,False,6.0,66,125.0,True,,1.0,j-,0.8,0.045,False,2.4,2.4,2.4
,,,,datatype-func_suffix-bold_task-rest__1,datatype-func_suffix-bold_task-rest,1,1829,84.0,84.0,60.0,0.03,0.00058,31.0,False,6.0,60,375.0,True,,1.0,j-,0.8,0.048,False,2.429,2.429,2.4
,,,acquisition-VARIANTOther_datatype-func_suffix-bold_task-rest,datatype-func_suffix-bold_task-rest__2,datatype-func_suffix-bold_task-rest,2,1408,84.0,84.0,60.0,0.03,0.00059,31.0,False,6.0,60,375.0,True,,1.0,j-,0.8,0.049,False,2.429,2.429,2.4
,,,acquisition-VARIANTObliquity_datatype-func_suffix-bold_task-rest,datatype-func_suffix-bold_task-rest__3,datatype-func_suffix-bold_task-rest,3,316,84.0,84.0,60.0,0.03,0.00059,31.0,False,6.0,60,375.0,False,,1.0,j-,0.8,0.049,False,2.429,2.429,2.4
,,,acquisition-VARIANTRepetitionTimeDim1SizeDim2SizeDim3SizeNumVolumesVoxelSizeDim1VoxelSizeDim2VoxelSizeDim3_datatype-func_suffix-bold_task-rest,datatype-func_suffix-bold_task-rest__4,datatype-func_suffix-bold_task-rest,4,311,78.0,78.0,54.0,0.04,0.00055,55.0,False,3.0,54,420.0,True,,1.0,j-,1.45,0.042,False,2.462,2.462,2.5
,,,acquisition-VARIANTNumVolumes_datatype-func_suffix-bold_task-rest,datatype-func_suffix-bold_task-rest__5,datatype-func_suffix-bold_task-rest,5,105,84.0,84.0,60.0,0.03,0.00058,31.0,False,6.0,60,750.0,True,,1.0,j-,0.8,0.048,False,2.429,2.429,2.4
,,,acquisition-VARIANTDim1SizeDim2SizeDim3SizeNumVolumesVoxelSizeDim1VoxelSizeDim2_datatype-func_suffix-bold_task-rest,datatype-func_suffix-bold_task-rest__6,datatype-func_suffix-bold_task-rest,6,46,90.0,90.0,66.0,0.03,0.0005,52.0,False,6.0,66,370.0,True,,1.0,j-,0.8,0.045,False,2.4,2.4,2.4
,,,acquisition-VARIANTRepetitionTimeDim1SizeDim2SizeDim3SizeNumVolumesObliquityVoxelSizeDim1VoxelSizeDim2VoxelSizeDim3_datatype-func_suffix-bold_task-rest,datatype-func_suffix-bold_task-rest__7,datatype-func_suffix-bold_task-rest,7,25,78.0,78.0,54.0,0.04,0.00055,55.0,False,3.0,54,420.0,False,,1.0,j-,1.45,0.042,False,2.462,2.462,2.5
,,,acquisition-VARIANTObliquity_datatype-func_suffix-bold_task-rest,datatype-func_suffix-bold_task-rest__8,datatype-func_suffix-bold_task-rest,8,19,84.0,84.0,60.0,0.03,0.00058,31.0,False,6.0,60,375.0,False,,1.0,j-,0.8,0.048,False,2.429,2.429,2.4
,,,acquisition-VARIANTRepetitionTimeDim1SizeDim2SizeDim3SizeNumVolumesVoxelSizeDim1VoxelSizeDim2VoxelSizeDim3_datatype-func_suffix-bold_task-rest,datatype-func_suffix-bold_task-rest__9,datatype-func_suffix-bold_task-rest,9,1,78.0,76.0,54.0,0.04,0.00055,55.0,False,3.0,54,420.0,True,,1.0,j-,1.45,0.041,False,2.462,2.462,2.5
,,,acquisition-VARIANTNumVolumes_datatype-func_suffix-bold_task-rest,datatype-func_suffix-bold_task-rest__10,datatype-func_suffix-bold_task-rest,10,1,84.0,84.0,60.0,0.03,0.00058,31.0,False,6.0,60,112.0,True,,1.0,j-,0.8,0.048,False,2.429,2.429,2.4
,,,acquisition-VARIANTNumVolumesObliquity_datatype-func_suffix-bold_task-rest,datatype-func_suffix-bold_task-rest__11,datatype-func_suffix-bold_task-rest,11,1,84.0,84.0,60.0,0.03,0.00059,31.0,False,6.0,60,147.0,False,,1.0,j-,0.8,0.049,False,2.429,2.429,2.4
,,,acquisition-VARIANTNumVolumesObliquity_datatype-func_suffix-bold_task-rest,datatype-func_suffix-bold_task-rest__12,datatype-func_suffix-bold_task-rest,12,1,84.0,84.0,60.0,0.03,0.00059,31.0,False,6.0,60,164.0,False,,1.0,j-,0.8,0.049,False,2.429,2.429,2.4
,,,acquisition-VARIANTNumVolumes_datatype-func_suffix-bold_task-rest,datatype-func_suffix-bold_task-rest__13,datatype-func_suffix-bold_task-rest,13,1,84.0,84.0,60.0,0.03,0.00058,31.0,False,6.0,60,294.0,True,,1.0,j-,0.8,0.048,False,2.429,2.429,2.4
,,,acquisition-VARIANTNumVolumes_datatype-func_suffix-bold_task-rest,datatype-func_suffix-bold_task-rest__14,datatype-func_suffix-bold_task-rest,14,1,84.0,84.0,60.0,0.03,0.00058,31.0,False,6.0,60,34.0,True,,1.0,j-,0.8,0.048,False,2.429,2.429,2.4
,,,acquisition-VARIANTNumVolumes_datatype-func_suffix-bold_task-rest,datatype-func_suffix-bold_task-rest__15,datatype-func_suffix-bold_task-rest,15,1,84.0,84.0,60.0,0.03,0.00058,31.0,False,6.0,60,263.0,True,,1.0,j-,0.8,0.048,False,2.429,2.429,2.4
,,,acquisition-VARIANTNumVolumes_datatype-func_suffix-bold_task-rest,datatype-func_suffix-bold_task-rest__16,datatype-func_suffix-bold_task-rest,16,1,84.0,84.0,60.0,0.03,0.00059,31.0,False,6.0,60,303.0,True,,1.0,j-,0.8,0.049,False,2.429,2.429,2.4
,,,acquisition-VARIANTNumVolumes_datatype-func_suffix-bold_task-rest,datatype-func_suffix-bold_task-rest__17,datatype-func_suffix-bold_task-rest,17,1,84.0,84.0,60.0,0.03,0.00058,31.0,False,6.0,60,374.0,True,,1.0,j-,0.8,0.048,False,2.429,2.429,2.4
,,,acquisition-VARIANTRepetitionTimeDim1SizeDim2SizeDim3SizeNumVolumesVoxelSizeDim1VoxelSizeDim2VoxelSizeDim3_datatype-func_suffix-bold_task-rest,datatype-func_suffix-bold_task-rest__18,datatype-func_suffix-bold_task-rest,18,1,78.0,78.0,54.0,0.04,0.00055,55.0,False,3.0,54,70.0,True,,1.0,j-,1.45,0.042,False,2.462,2.462,2.5
,,,acquisition-VARIANTNumVolumes_datatype-func_suffix-bold_task-rest,datatype-func_suffix-bold_task-rest__19,datatype-func_suffix-bold_task-rest,19,1,84.0,84.0,60.0,0.03,0.00058,31.0,False,6.0,60,252.0,True,,1.0,j-,0.8,0.048,False,2.429,2.429,2.4
,,,acquisition-VARIANTNumVolumes_datatype-func_suffix-bold_task-rest,datatype-func_suffix-bold_task-rest__20,datatype-func_suffix-bold_task-rest,20,1,84.0,84.0,60.0,0.03,0.00058,31.0,False,6.0,60,176.0,True,,1.0,j-,0.8,0.048,False,2.429,2.429,2.4
,,,acquisition-VARIANTNumVolumes_datatype-func_suffix-bold_task-rest,datatype-func_suffix-bold_task-rest__21,datatype-func_suffix-bold_task-rest,21,1,84.0,84.0,60.0,0.036,0.00071,31.0,False,6.0,60,750.0,True,,1.0,i,0.8,0.059,False,2.429,2.429,2.4
