Notes,ManualCheck,RenameKeyGroup,MergeInto,KeyGroup,ParamGroup,Counts,DwellTime,EchoTime,EffectiveEchoSpacing,FieldmapKey00,FlipAngle,IntendedForKey00,IntendedForKey01,IntendedForKey02,IntendedForKey03,IntendedForKey04,IntendedForKey05,IntendedForKey06,IntendedForKey07,NSliceTimes,ParallelReductionFactorInPlane,PartialFourier,PhaseEncodingDirection,RepetitionTime,TotalReadoutTime
dominant group,,,,acquisition-100_datatype-func_suffix-bold_task-rest,1,72,,0.032,0.000550002,datatype-fmap_fmap-phase1_suffix-phase1,90,,,,,,,,,46,,1,j-,3,0.0346501
no field map,1,,,acquisition-100_datatype-func_suffix-bold_task-rest,2,2,,0.032,0.000550002,,90,,,,,,,,,46,,1,j-,3,0.0346501
dwell time,,,,acquisition-100_datatype-func_suffix-bold_task-rest,3,3,3.8E-06,0.032,0.000550002,datatype-fmap_fmap-phase1_suffix-phase1,90,,,,,,,,,46,,1,j-,3,0.0346501
dominant group,,,,acquisition-gre_suffix-asl,1,179,,0.015,0.000399995,datatype-fmap_fmap-phase1_suffix-phase1,90,,,,,,,,,20,2,0.75,j-,4,0.0379995
tr,,,,acquisition-gre_suffix-asl,2,1,,0.015,0.000399995,datatype-fmap_fmap-phase1_suffix-phase1,90,,,,,,,,,20,2,0.75,j-,4.34,0.0379995
??,1,,,acquisition-gre_suffix-asl,3,1,,0.015,0.000399995,datatype-fmap_fmap-phase1_suffix-phase1,59,,,,,,,,,20,2,0.75,j-,4,0.0379995
tr,,,,acquisition-gre_suffix-asl,4,1,,0.015,0.000399995,datatype-fmap_fmap-phase1_suffix-phase1,90,,,,,,,,,20,2,0.75,j-,4.15,0.0379995
tr,,,,acquisition-gre_suffix-asl,5,1,,0.015,0.000399995,datatype-fmap_fmap-phase1_suffix-phase1,90,,,,,,,,,20,2,0.75,j-,4.11,0.0379995
dwell time,,,,acquisition-gre_suffix-asl,6,2,2E-06,0.015,0.000399995,datatype-fmap_fmap-phase1_suffix-phase1,90,,,,,,,,,20,2,0.75,j-,4,0.0379995
no field map,1,,,acquisition-gre_suffix-asl,7,2,,0.015,0.000399995,,90,,,,,,,,,20,2,0.75,j-,4,0.0379995
dominant group,,,,acquisition-refaced_datatype-anat_suffix-T1w,1,1568,,0.00351,,,9,,,,,,,,,0,2,1,,1.81,
dwell time,,,,acquisition-refaced_datatype-anat_suffix-T1w,2,30,1.5E-05,0.00351,,,9,,,,,,,,,0,2,1,,1.81,
missing parallel factor,1,,,acquisition-refaced_datatype-anat_suffix-T1w,3,1,,0.00351,,,9,,,,,,,,,0,,1,,1.81,
field map assigned incorrectly,1,,,acquisition-refaced_datatype-anat_suffix-T1w,4,1,,0.00351,,datatype-fmap_fmap-phasediff_suffix-phasediff,9,,,,,,,,,0,2,1,,1.81,
different TR and TE,1,,,acquisition-refaced_datatype-anat_suffix-T1w,5,1,,0.004,,,9,,,,,,,,,0,2,1,,1.85,
dominant group,,,,acquisition-se_suffix-asl,1,1380,,0.029,0.000345003,datatype-fmap_fmap-phase1_suffix-phase1,90,,,,,,,,,20,2,0.875,j-,4,0.0327753
tr,,acquisition-seVariantTR_suffix-asl,,acquisition-se_suffix-asl,2,2,,0.029,0.000345003,datatype-fmap_fmap-phase1_suffix-phase1,90,,,,,,,,,20,2,0.875,j-,4.2,0.0327753
no field map,1,,,acquisition-se_suffix-asl,3,56,,0.029,0.000345003,,90,,,,,,,,,20,2,0.875,j-,4,0.0327753
phasedif field map,,,,acquisition-se_suffix-asl,4,15,,0.029,0.000345003,datatype-fmap_fmap-phasediff_suffix-phasediff,90,,,,,,,,,20,2,0.875,j-,4,0.0327753
tr,,acquisition-seVariantTR_suffix-asl,,acquisition-se_suffix-asl,5,1,,0.029,0.000345003,datatype-fmap_fmap-phase1_suffix-phase1,90,,,,,,,,,20,2,0.875,j-,5.36,0.0327753
tr,,acquisition-seVariantTR_suffix-asl,,acquisition-se_suffix-asl,6,2,,0.029,0.000345003,datatype-fmap_fmap-phase1_suffix-phase1,90,,,,,,,,,20,2,0.875,j-,4.43,0.0327753
tr,,acquisition-seVariantTR_suffix-asl,,acquisition-se_suffix-asl,7,2,,0.029,0.000345003,datatype-fmap_fmap-phase1_suffix-phase1,90,,,,,,,,,20,2,0.875,j-,4.18,0.0327753
tr,,acquisition-seVariantTR_suffix-asl,,acquisition-se_suffix-asl,8,2,,0.029,0.000345003,datatype-fmap_fmap-phase1_suffix-phase1,90,,,,,,,,,20,2,0.875,j-,4.23,0.0327753
"dwell time, phasediff",,,,acquisition-se_suffix-asl,9,2,2.7E-06,0.029,0.000345003,datatype-fmap_fmap-phasediff_suffix-phasediff,90,,,,,,,,,20,2,0.875,j-,4,0.0327753
dwell time,,,,acquisition-se_suffix-asl,10,22,2.7E-06,0.029,0.000345003,datatype-fmap_fmap-phase1_suffix-phase1,90,,,,,,,,,20,2,0.875,j-,4,0.0327753
tr,,acquisition-seVariantTR_suffix-asl,,acquisition-se_suffix-asl,11,2,,0.029,0.000345003,datatype-fmap_fmap-phase1_suffix-phase1,90,,,,,,,,,20,2,0.875,j-,4.34,0.0327753
tr,,acquisition-seVariantTR_suffix-asl,,acquisition-se_suffix-asl,12,2,,0.029,0.000345003,datatype-fmap_fmap-phase1_suffix-phase1,90,,,,,,,,,20,2,0.875,j-,4.11,0.0327753
tr,,acquisition-seVariantTR_suffix-asl,,acquisition-se_suffix-asl,13,1,,0.029,0.000345003,datatype-fmap_fmap-phase1_suffix-phase1,90,,,,,,,,,20,2,0.875,j-,4.16,0.0327753
tr,,acquisition-seVariantTR_suffix-asl,,acquisition-se_suffix-asl,14,1,,0.029,0.000345003,datatype-fmap_fmap-phase1_suffix-phase1,90,,,,,,,,,20,2,0.875,j-,5.09,0.0327753
tr,,acquisition-seVariantTR_suffix-asl,,acquisition-se_suffix-asl,15,1,,0.029,0.000345003,datatype-fmap_fmap-phase1_suffix-phase1,90,,,,,,,,,20,2,0.875,j-,5.06,0.0327753
tr,,acquisition-seVariantTR_suffix-asl,,acquisition-se_suffix-asl,16,1,,0.029,0.000345003,datatype-fmap_fmap-phase1_suffix-phase1,90,,,,,,,,,20,2,0.875,j-,4.92,0.0327753
tr,,acquisition-seVariantTR_suffix-asl,,acquisition-se_suffix-asl,17,1,,0.029,0.000345003,datatype-fmap_fmap-phase1_suffix-phase1,90,,,,,,,,,20,2,0.875,j-,4.84,0.0327753
tr,,acquisition-seVariantTR_suffix-asl,,acquisition-se_suffix-asl,18,1,,0.029,0.000345003,datatype-fmap_fmap-phase1_suffix-phase1,90,,,,,,,,,20,2,0.875,j-,4.8,0.0327753
tr,,acquisition-seVariantTR_suffix-asl,,acquisition-se_suffix-asl,19,1,,0.029,0.000345003,datatype-fmap_fmap-phase1_suffix-phase1,90,,,,,,,,,20,2,0.875,j-,4.95,0.0327753
tr,,acquisition-seVariantTR_suffix-asl,,acquisition-se_suffix-asl,20,1,,0.029,0.000345003,,90,,,,,,,,,20,2,0.875,j-,5.24,0.0327753
tr,,acquisition-seVariantTR_suffix-asl,,acquisition-se_suffix-asl,21,2,,0.029,0.000345003,datatype-fmap_fmap-phase1_suffix-phase1,90,,,,,,,,,20,2,0.875,j-,4.41,0.0327753
tr,,acquisition-seVariantTR_suffix-asl,,acquisition-se_suffix-asl,22,2,,0.029,0.000345003,datatype-fmap_fmap-phase1_suffix-phase1,90,,,,,,,,,20,2,0.875,j-,5.27,0.0327753
tr,,acquisition-seVariantTR_suffix-asl,,acquisition-se_suffix-asl,23,2,,0.029,0.000345003,datatype-fmap_fmap-phase1_suffix-phase1,90,,,,,,,,,20,2,0.875,j-,4.19,0.0327753
???,1,,,acquisition-se_suffix-asl,24,1,,0.029,0.000345003,datatype-fmap_fmap-phase1_suffix-phase1,90,,,,,,,,,19,2,0.875,j-,4,0.0327753
tr,,acquisition-seVariantTR_suffix-asl,,acquisition-se_suffix-asl,25,1,,0.029,0.000345003,datatype-fmap_fmap-phase1_suffix-phase1,90,,,,,,,,,20,2,0.875,j-,4.29,0.0327753
tr,,acquisition-seVariantTR_suffix-asl,,acquisition-se_suffix-asl,26,1,,0.029,0.000345003,datatype-fmap_fmap-phase1_suffix-phase1,90,,,,,,,,,20,2,0.875,j-,4.31,0.0327753
tr,,acquisition-seVariantTR_suffix-asl,,acquisition-se_suffix-asl,27,1,,0.029,0.000345003,datatype-fmap_fmap-phase1_suffix-phase1,90,,,,,,,,,20,2,0.875,j-,4.37,0.0327753
tr,,acquisition-seVariantTR_suffix-asl,,acquisition-se_suffix-asl,28,2,,0.029,0.000345003,datatype-fmap_fmap-phase1_suffix-phase1,90,,,,,,,,,20,2,0.875,j-,4.38,0.0327753
tr,,acquisition-seVariantTR_suffix-asl,,acquisition-se_suffix-asl,29,1,,0.029,0.000345003,datatype-fmap_fmap-phase1_suffix-phase1,90,,,,,,,,,20,2,0.875,j-,4.93,0.0327753
tr,,acquisition-seVariantTR_suffix-asl,,acquisition-se_suffix-asl,30,1,,0.029,0.000345003,datatype-fmap_fmap-phase1_suffix-phase1,90,,,,,,,,,20,2,0.875,j-,5.84,0.0327753
tr,,acquisition-seVariantTR_suffix-asl,,acquisition-se_suffix-asl,31,1,,0.029,0.000345003,datatype-fmap_fmap-phase1_suffix-phase1,90,,,,,,,,,20,2,0.875,j-,4.1,0.0327753
tr,,acquisition-seVariantTR_suffix-asl,,acquisition-se_suffix-asl,32,2,,0.029,0.000345003,datatype-fmap_fmap-phase1_suffix-phase1,90,,,,,,,,,20,2,0.875,j-,4.53,0.0327753
tr,,acquisition-seVariantTR_suffix-asl,,acquisition-se_suffix-asl,33,1,,0.029,0.000345003,datatype-fmap_fmap-phase1_suffix-phase1,90,,,,,,,,,20,2,0.875,j-,4.77,0.0327753
tr,,acquisition-seVariantTR_suffix-asl,,acquisition-se_suffix-asl,34,1,,0.029,0.000345003,datatype-fmap_fmap-phase1_suffix-phase1,90,,,,,,,,,20,2,0.875,j-,4.3,0.0327753
tr,,acquisition-seVariantTR_suffix-asl,,acquisition-se_suffix-asl,35,2,,0.029,0.000345003,datatype-fmap_fmap-phase1_suffix-phase1,90,,,,,,,,,20,2,0.875,j-,4.87,0.0327753
"tr, dwell time",,acquisition-seVariantTR_suffix-asl,,acquisition-se_suffix-asl,36,1,2.7E-06,0.029,0.000345003,datatype-fmap_fmap-phase1_suffix-phase1,90,,,,,,,,,20,2,0.875,j-,4.87,0.0327753
tr,,acquisition-seVariantTR_suffix-asl,,acquisition-se_suffix-asl,37,1,,0.029,0.000345003,datatype-fmap_fmap-phase1_suffix-phase1,90,,,,,,,,,20,2,0.875,j-,5.28,0.0327753
tr,,acquisition-seVariantTR_suffix-asl,,acquisition-se_suffix-asl,38,1,,0.029,0.000345003,datatype-fmap_fmap-phase1_suffix-phase1,90,,,,,,,,,20,2,0.875,j-,4.88,0.0327753
tr,,acquisition-seVariantTR_suffix-asl,,acquisition-se_suffix-asl,39,1,,0.029,0.000345003,datatype-fmap_fmap-phase1_suffix-phase1,90,,,,,,,,,20,2,0.875,j-,4.15,0.0327753
tr,,acquisition-seVariantTR_suffix-asl,,acquisition-se_suffix-asl,40,1,,0.047,0.000579993,datatype-fmap_fmap-phase1_suffix-phase1,90,,,,,,,,,20,,0.875,j-,4.52,0.0550993
tr,,acquisition-seVariantTR_suffix-asl,,acquisition-se_suffix-asl,41,1,,0.029,0.000345003,datatype-fmap_fmap-phase1_suffix-phase1,90,,,,,,,,,20,2,0.875,j-,4.02,0.0327753
tr,,acquisition-seVariantTR_suffix-asl,,acquisition-se_suffix-asl,42,1,,0.029,0.000345003,datatype-fmap_fmap-phase1_suffix-phase1,90,,,,,,,,,20,2,0.875,j-,5.1,0.0327753
tr,,acquisition-seVariantTR_suffix-asl,,acquisition-se_suffix-asl,43,1,,0.029,0.000345003,,90,,,,,,,,,20,2,0.875,j-,4.51,0.0327753
tr,,acquisition-seVariantTR_suffix-asl,,acquisition-se_suffix-asl,44,1,,0.029,0.000345003,datatype-fmap_fmap-phase1_suffix-phase1,90,,,,,,,,,20,2,0.875,j-,4.24,0.0327753
tr,,acquisition-seVariantTR_suffix-asl,,acquisition-se_suffix-asl,45,1,,0.029,0.000345003,datatype-fmap_fmap-phase1_suffix-phase1,90,,,,,,,,,20,2,0.875,j-,4.01,0.0327753
tr,,acquisition-seVariantTR_suffix-asl,,acquisition-se_suffix-asl,46,1,,0.033,0.000399995,datatype-fmap_fmap-phase1_suffix-phase1,90,,,,,,,,,20,2,0.875,j-,4.08,0.0379995
tr,,acquisition-seVariantTR_suffix-asl,,acquisition-se_suffix-asl,47,1,,0.029,0.000345003,datatype-fmap_fmap-phase1_suffix-phase1,90,,,,,,,,,20,2,0.875,j-,5.11,0.0327753
tr,,acquisition-seVariantTR_suffix-asl,,acquisition-se_suffix-asl,48,1,,0.029,0.000345003,datatype-fmap_fmap-phase1_suffix-phase1,90,,,,,,,,,20,2,0.875,j-,5.63,0.0327753
tr,,acquisition-seVariantTR_suffix-asl,,acquisition-se_suffix-asl,49,1,,0.029,0.000345003,datatype-fmap_fmap-phase1_suffix-phase1,90,,,,,,,,,20,2,0.875,j-,4.68,0.0327753
tr,,acquisition-seVariantTR_suffix-asl,,acquisition-se_suffix-asl,50,1,,0.029,0.000345003,datatype-fmap_fmap-phase1_suffix-phase1,90,,,,,,,,,20,2,0.875,j-,4.86,0.0327753
tr,,acquisition-seVariantTR_suffix-asl,,acquisition-se_suffix-asl,51,1,,0.029,0.000345003,datatype-fmap_fmap-phase1_suffix-phase1,90,,,,,,,,,20,2,0.875,j-,5.45,0.0327753
tr,,acquisition-seVariantTR_suffix-asl,,acquisition-se_suffix-asl,52,1,,0.029,0.000345003,datatype-fmap_fmap-phase1_suffix-phase1,90,,,,,,,,,20,2,0.875,j-,5.56,0.0327753
tr,,acquisition-seVariantTR_suffix-asl,,acquisition-se_suffix-asl,53,1,,0.029,0.000345003,datatype-fmap_fmap-phase1_suffix-phase1,90,,,,,,,,,20,2,0.875,j-,4.05,0.0327753
tr,,acquisition-seVariantTR_suffix-asl,,acquisition-se_suffix-asl,54,1,,0.029,0.000345003,datatype-fmap_fmap-phase1_suffix-phase1,90,,,,,,,,,20,2,0.875,j-,5.5,0.0327753
tr,,acquisition-seVariantTR_suffix-asl,,acquisition-se_suffix-asl,55,1,,0.029,0.000345003,datatype-fmap_fmap-phase1_suffix-phase1,90,,,,,,,,,20,2,0.875,j-,4.27,0.0327753
tr,,acquisition-seVariantTR_suffix-asl,,acquisition-se_suffix-asl,56,1,,0.029,0.000345003,datatype-fmap_fmap-phase1_suffix-phase1,90,,,,,,,,,20,2,0.875,j-,4.78,0.0327753
tr,,acquisition-seVariantTR_suffix-asl,,acquisition-se_suffix-asl,57,1,,0.029,0.000345003,datatype-fmap_fmap-phase1_suffix-phase1,90,,,,,,,,,20,2,0.875,j-,4.72,0.0327753
"no field map, dwell time",1,,,acquisition-se_suffix-asl,58,2,2.7E-06,0.029,0.000345003,,90,,,,,,,,,20,2,0.875,j-,4,0.0327753
"tr, dwell time",,,,acquisition-se_suffix-asl,59,1,2.7E-06,0.029,0.000345003,datatype-fmap_fmap-phase1_suffix-phase1,90,,,,,,,,,20,2,0.875,j-,4.99,0.0327753
tr,,acquisition-seVariantTR_suffix-asl,,acquisition-se_suffix-asl,60,1,,0.029,0.000345003,datatype-fmap_fmap-phase1_suffix-phase1,90,,,,,,,,,20,2,0.875,j-,4.66,0.0327753
tr,,acquisition-seVariantTR_suffix-asl,,acquisition-se_suffix-asl,61,2,,0.029,0.000345003,datatype-fmap_fmap-phase1_suffix-phase1,90,,,,,,,,,20,2,0.875,j-,4.5,0.0327753
tr,,acquisition-seVariantTR_suffix-asl,,acquisition-se_suffix-asl,62,1,,0.029,0.000345003,datatype-fmap_fmap-phase1_suffix-phase1,90,,,,,,,,,20,2,0.875,j-,4.49,0.0327753
tr,,acquisition-seVariantTR_suffix-asl,,acquisition-se_suffix-asl,63,2,,0.029,0.000345003,datatype-fmap_fmap-phase1_suffix-phase1,90,,,,,,,,,20,2,0.875,j-,4.76,0.0327753
tr,,acquisition-seVariantTR_suffix-asl,,acquisition-se_suffix-asl,64,1,,0.029,0.000345003,datatype-fmap_fmap-phase1_suffix-phase1,90,,,,,,,,,20,2,0.875,j-,5.16,0.0327753
tr,,acquisition-seVariantTR_suffix-asl,,acquisition-se_suffix-asl,65,1,,0.029,0.000345003,datatype-fmap_fmap-phase1_suffix-phase1,90,,,,,,,,,20,2,0.875,j-,4.14,0.0327753
dominant group,,,,acquisition-singleband_datatype-func_suffix-bold_task-rest,1,1378,,0.032,0.000550002,datatype-fmap_fmap-phase1_suffix-phase1,90,,,,,,,,,46,,1,j-,3,0.0346501
phasedif field map,,,,acquisition-singleband_datatype-func_suffix-bold_task-rest,2,15,,0.032,0.000550002,datatype-fmap_fmap-phasediff_suffix-phasediff,90,,,,,,,,,46,,1,j-,3,0.0346501
"phasedif, dwell time",,,,acquisition-singleband_datatype-func_suffix-bold_task-rest,3,2,3.8E-06,0.032,0.000550002,datatype-fmap_fmap-phasediff_suffix-phasediff,90,,,,,,,,,46,,1,j-,3,0.0346501
dwell time,,,,acquisition-singleband_datatype-func_suffix-bold_task-rest,4,23,3.8E-06,0.032,0.000550002,datatype-fmap_fmap-phase1_suffix-phase1,90,,,,,,,,,46,,1,j-,3,0.0346501
no field map,1,,,acquisition-singleband_datatype-func_suffix-bold_task-rest,5,5,,0.032,0.000550002,,90,,,,,,,,,46,,1,j-,3,0.0346501
dominant group,,,,datatype-dwi_run-1_suffix-dwi,1,1361,,0.082,0.000266666,datatype-fmap_fmap-phase1_suffix-phase1,90,,,,,,,,,70,3,0.75,j-,8.1,0.0338665
tr,,acquisition-VariantTr_datatype-dwi_run-1_suffix-dwi,,datatype-dwi_run-1_suffix-dwi,2,1,,0.082,0.000266666,datatype-fmap_fmap-phase1_suffix-phase1,90,,,,,,,,,70,3,0.75,j-,8.4,0.0338665
phasedif field map,,,,datatype-dwi_run-1_suffix-dwi,3,15,,0.082,0.000266666,datatype-fmap_fmap-phasediff_suffix-phasediff,90,,,,,,,,,70,3,0.75,j-,8.1,0.0338665
tr,,acquisition-VariantTr_datatype-dwi_run-1_suffix-dwi,,datatype-dwi_run-1_suffix-dwi,4,1,,0.082,0.000266666,datatype-fmap_fmap-phase1_suffix-phase1,90,,,,,,,,,70,3,0.75,j-,9,0.0338665
"phasedif, dwell time",,,,datatype-dwi_run-1_suffix-dwi,5,2,1.8E-06,0.082,0.000266666,datatype-fmap_fmap-phasediff_suffix-phasediff,90,,,,,,,,,70,3,0.75,j-,8.1,0.0338665
dwell time,,,,datatype-dwi_run-1_suffix-dwi,6,21,1.8E-06,0.082,0.000266666,datatype-fmap_fmap-phase1_suffix-phase1,90,,,,,,,,,70,3,0.75,j-,8.1,0.0338665
no field map,1,,,datatype-dwi_run-1_suffix-dwi,7,16,,0.082,0.000266666,,90,,,,,,,,,70,3,0.75,j-,8.1,0.0338665
tr,,acquisition-VariantTr_datatype-dwi_run-1_suffix-dwi,,datatype-dwi_run-1_suffix-dwi,8,4,,0.082,0.000266666,datatype-fmap_fmap-phase1_suffix-phase1,90,,,,,,,,,70,3,0.75,j-,8.5,0.0338665
tr,,acquisition-VariantTr_datatype-dwi_run-1_suffix-dwi,,datatype-dwi_run-1_suffix-dwi,9,1,,0.082,0.000266666,datatype-fmap_fmap-phase1_suffix-phase1,90,,,,,,,,,70,3,0.75,j-,8.3,0.0338665
tr,,acquisition-VariantTr_datatype-dwi_run-1_suffix-dwi,,datatype-dwi_run-1_suffix-dwi,10,3,,0.082,0.000266666,datatype-fmap_fmap-phase1_suffix-phase1,90,,,,,,,,,70,3,0.75,j-,8.8,0.0338665
tr,,acquisition-VariantTr_datatype-dwi_run-1_suffix-dwi,,datatype-dwi_run-1_suffix-dwi,11,2,,0.082,0.000266666,datatype-fmap_fmap-phase1_suffix-phase1,90,,,,,,,,,70,3,0.75,j-,8.2,0.0338665
tr,,acquisition-VariantTr_datatype-dwi_run-1_suffix-dwi,,datatype-dwi_run-1_suffix-dwi,12,1,,0.082,0.000266666,datatype-fmap_fmap-phase1_suffix-phase1,90,,,,,,,,,70,3,0.75,j-,9.8,0.0338665
wrong slice times,1,,,datatype-dwi_run-1_suffix-dwi,13,2,,0.082,0.000266666,datatype-fmap_fmap-phase1_suffix-phase1,90,,,,,,,,,46,3,0.75,j-,8.1,0.0338665
"no field map, dwell time",1,,,datatype-dwi_run-1_suffix-dwi,14,2,1.8E-06,0.082,0.000266666,,90,,,,,,,,,70,3,0.75,j-,8.1,0.0338665
"tr, te ",,acquisition-VariantTr_datatype-dwi_run-1_suffix-dwi,,datatype-dwi_run-1_suffix-dwi,15,1,,0.102,0.000799969,datatype-fmap_fmap-phase1_suffix-phase1,90,,,,,,,,,70,,0.75,j-,12.3,0.101596
tr,,acquisition-VariantTr_datatype-dwi_run-1_suffix-dwi,,datatype-dwi_run-1_suffix-dwi,16,1,,0.082,0.000266666,datatype-fmap_fmap-phase1_suffix-phase1,90,,,,,,,,,70,3,0.75,j-,9.4,0.0338665
tr,,acquisition-VariantTr_datatype-dwi_run-1_suffix-dwi,,datatype-dwi_run-1_suffix-dwi,17,1,,0.082,0.000266666,datatype-fmap_fmap-phase1_suffix-phase1,90,,,,,,,,,70,3,0.75,j-,9.1,0.0338665
tr,,acquisition-VariantTr_datatype-dwi_run-1_suffix-dwi,,datatype-dwi_run-1_suffix-dwi,18,1,,0.082,0.000266666,datatype-fmap_fmap-phase1_suffix-phase1,90,,,,,,,,,70,3,0.75,j-,9.3,0.0338665
tr,,acquisition-VariantTr_datatype-dwi_run-1_suffix-dwi,,datatype-dwi_run-1_suffix-dwi,19,1,,0.082,0.000266666,datatype-fmap_fmap-phase1_suffix-phase1,90,,,,,,,,,70,3,0.75,j-,9.2,0.0338665
"tr, dwell time",,acquisition-VariantTr_datatype-dwi_run-1_suffix-dwi,,datatype-dwi_run-1_suffix-dwi,20,1,1.8E-06,0.082,0.000266666,datatype-fmap_fmap-phase1_suffix-phase1,90,,,,,,,,,70,3,0.75,j-,8.3,0.0338665
tr,,acquisition-VariantTr_datatype-dwi_run-1_suffix-dwi,,datatype-dwi_run-1_suffix-dwi,21,1,,0.082,0.000266666,datatype-fmap_fmap-phase1_suffix-phase1,90,,,,,,,,,70,3,0.75,j-,8.6,0.0338665
dominant group,,,,datatype-dwi_run-2_suffix-dwi,1,1352,,0.082,0.000266666,datatype-fmap_fmap-phase1_suffix-phase1,90,,,,,,,,,70,3,0.75,j-,8.1,0.0338665
tr,,acquisition-VariantTr_datatype-dwi_run-1_suffix-dwi,,datatype-dwi_run-2_suffix-dwi,2,1,,0.082,0.000266666,datatype-fmap_fmap-phase1_suffix-phase1,90,,,,,,,,,70,3,0.75,j-,8.4,0.0338665
phasedif field map,,,,datatype-dwi_run-2_suffix-dwi,3,15,,0.082,0.000266666,datatype-fmap_fmap-phasediff_suffix-phasediff,90,,,,,,,,,70,3,0.75,j-,8.1,0.0338665
tr,,acquisition-VariantTr_datatype-dwi_run-1_suffix-dwi,,datatype-dwi_run-2_suffix-dwi,4,1,,0.082,0.000266666,datatype-fmap_fmap-phase1_suffix-phase1,90,,,,,,,,,70,3,0.75,j-,9,0.0338665
"phasedif, dwell time",,,,datatype-dwi_run-2_suffix-dwi,5,2,1.8E-06,0.082,0.000266666,datatype-fmap_fmap-phasediff_suffix-phasediff,90,,,,,,,,,70,3,0.75,j-,8.1,0.0338665
dwell time,,,,datatype-dwi_run-2_suffix-dwi,6,19,1.8E-06,0.082,0.000266666,datatype-fmap_fmap-phase1_suffix-phase1,90,,,,,,,,,70,3,0.75,j-,8.1,0.0338665
no field map,1,,,datatype-dwi_run-2_suffix-dwi,7,11,,0.082,0.000266666,,90,,,,,,,,,70,3,0.75,j-,8.1,0.0338665
tr,,acquisition-VariantTr_datatype-dwi_run-1_suffix-dwi,,datatype-dwi_run-2_suffix-dwi,8,4,,0.082,0.000266666,datatype-fmap_fmap-phase1_suffix-phase1,90,,,,,,,,,70,3,0.75,j-,8.5,0.0338665
tr,,acquisition-VariantTr_datatype-dwi_run-1_suffix-dwi,,datatype-dwi_run-2_suffix-dwi,9,1,,0.082,0.000266666,datatype-fmap_fmap-phase1_suffix-phase1,90,,,,,,,,,70,3,0.75,j-,8.3,0.0338665
tr,,acquisition-VariantTr_datatype-dwi_run-1_suffix-dwi,,datatype-dwi_run-2_suffix-dwi,10,3,,0.082,0.000266666,datatype-fmap_fmap-phase1_suffix-phase1,90,,,,,,,,,70,3,0.75,j-,8.8,0.0338665
tr,,acquisition-VariantTr_datatype-dwi_run-1_suffix-dwi,,datatype-dwi_run-2_suffix-dwi,11,2,,0.082,0.000266666,datatype-fmap_fmap-phase1_suffix-phase1,90,,,,,,,,,70,3,0.75,j-,8.2,0.0338665
tr,,acquisition-VariantTr_datatype-dwi_run-1_suffix-dwi,,datatype-dwi_run-2_suffix-dwi,12,1,,0.082,0.000266666,datatype-fmap_fmap-phase1_suffix-phase1,90,,,,,,,,,70,3,0.75,j-,9.8,0.0338665
wrong slice times,1,,,datatype-dwi_run-2_suffix-dwi,13,2,,0.082,0.000266666,datatype-fmap_fmap-phase1_suffix-phase1,90,,,,,,,,,46,3,0.75,j-,8.1,0.0338665
no field map,1,,,datatype-dwi_run-2_suffix-dwi,14,2,1.8E-06,0.082,0.000266666,,90,,,,,,,,,70,3,0.75,j-,8.1,0.0338665
tr,,acquisition-VariantTr_datatype-dwi_run-1_suffix-dwi,,datatype-dwi_run-2_suffix-dwi,15,1,,0.082,0.000266666,datatype-fmap_fmap-phase1_suffix-phase1,90,,,,,,,,,70,3,0.75,j-,9.1,0.0338665
tr,,acquisition-VariantTr_datatype-dwi_run-1_suffix-dwi,,datatype-dwi_run-2_suffix-dwi,16,1,,0.082,0.000266666,datatype-fmap_fmap-phase1_suffix-phase1,90,,,,,,,,,70,3,0.75,j-,9.3,0.0338665
tr,,acquisition-VariantTr_datatype-dwi_run-1_suffix-dwi,,datatype-dwi_run-2_suffix-dwi,17,1,,0.082,0.000266666,datatype-fmap_fmap-phase1_suffix-phase1,90,,,,,,,,,70,3,0.75,j-,9.2,0.0338665
"tr, dwell time",,acquisition-VariantTr_datatype-dwi_run-1_suffix-dwi,,datatype-dwi_run-2_suffix-dwi,18,1,1.8E-06,0.082,0.000266666,datatype-fmap_fmap-phase1_suffix-phase1,90,,,,,,,,,70,3,0.75,j-,8.3,0.0338665
tr,,acquisition-VariantTr_datatype-dwi_run-1_suffix-dwi,,datatype-dwi_run-2_suffix-dwi,19,1,,0.082,0.000266666,datatype-fmap_fmap-phase1_suffix-phase1,90,,,,,,,,,70,3,0.75,j-,8.6,0.0338665
,,,,datatype-fmap_fmap-magnitude1_suffix-magnitude1,1,1054,,0.00269,,,60,acquisition-se_suffix-asl,acquisition-singleband_datatype-func_suffix-bold_task-rest,datatype-dwi_run-1_suffix-dwi,datatype-dwi_run-2_suffix-dwi,datatype-func_suffix-bold_task-frac2back,datatype-func_suffix-bold_task-idemo,,,0,,1,j-,1,
,,,,datatype-fmap_fmap-magnitude1_suffix-magnitude1,2,31,,0.00269,,,60,acquisition-se_suffix-asl,datatype-func_suffix-bold_task-frac2back,datatype-func_suffix-bold_task-idemo,,,,,,0,,1,j-,1,
,,,,datatype-fmap_fmap-magnitude1_suffix-magnitude1,3,17,,0.00269,,,60,acquisition-singleband_datatype-func_suffix-bold_task-rest,datatype-dwi_run-1_suffix-dwi,datatype-dwi_run-2_suffix-dwi,datatype-func_suffix-bold_task-frac2back,datatype-func_suffix-bold_task-idemo,,,,0,,1,j-,1,
,,,,datatype-fmap_fmap-magnitude1_suffix-magnitude1,4,5,,0.00269,,,60,acquisition-se_suffix-asl,datatype-dwi_run-1_suffix-dwi,datatype-dwi_run-2_suffix-dwi,,,,,,0,,1,j-,1,
,,,,datatype-fmap_fmap-magnitude1_suffix-magnitude1,5,26,,0.00269,,,60,acquisition-se_suffix-asl,acquisition-singleband_datatype-func_suffix-bold_task-rest,datatype-dwi_run-1_suffix-dwi,datatype-dwi_run-2_suffix-dwi,datatype-func_suffix-bold_task-frac2back,datatype-func_suffix-bold_task-idemo,suffix-m0scan,,0,,1,j-,1,
,,,,datatype-fmap_fmap-magnitude1_suffix-magnitude1,6,170,,0.00269,,,60,acquisition-gre_suffix-asl,acquisition-se_suffix-asl,acquisition-singleband_datatype-func_suffix-bold_task-rest,datatype-dwi_run-1_suffix-dwi,datatype-dwi_run-2_suffix-dwi,datatype-func_suffix-bold_task-frac2back,datatype-func_suffix-bold_task-idemo,suffix-m0scan,0,,1,j-,1,
,,,,datatype-fmap_fmap-magnitude1_suffix-magnitude1,7,1,,0.00269,,,60,acquisition-se_suffix-asl,acquisition-singleband_datatype-func_suffix-bold_task-rest,datatype-func_suffix-bold_task-frac2back,,,,,,0,,1,j-,1,
,,,,datatype-fmap_fmap-magnitude1_suffix-magnitude1,8,14,,0.00269,,,60,acquisition-se_suffix-asl,datatype-func_suffix-bold_task-idemo,,,,,,,0,,1,j-,1,
,,,,datatype-fmap_fmap-magnitude1_suffix-magnitude1,9,63,,0.00269,,,60,acquisition-100_datatype-func_suffix-bold_task-rest,acquisition-se_suffix-asl,acquisition-singleband_datatype-func_suffix-bold_task-rest,datatype-dwi_run-1_suffix-dwi,datatype-dwi_run-2_suffix-dwi,datatype-func_suffix-bold_task-frac2back,datatype-func_suffix-bold_task-idemo,,0,,1,j-,1,
,,,,datatype-fmap_fmap-magnitude1_suffix-magnitude1,10,15,1.56E-05,0.00269,,,60,acquisition-se_suffix-asl,acquisition-singleband_datatype-func_suffix-bold_task-rest,datatype-dwi_run-1_suffix-dwi,datatype-dwi_run-2_suffix-dwi,datatype-func_suffix-bold_task-frac2back,datatype-func_suffix-bold_task-idemo,,,0,,1,j-,1,
,,,,datatype-fmap_fmap-magnitude1_suffix-magnitude1,11,14,,0.00269,,,60,acquisition-se_suffix-asl,datatype-dwi_run-1_suffix-dwi,datatype-dwi_run-2_suffix-dwi,datatype-func_suffix-bold_task-frac2back,datatype-func_suffix-bold_task-idemo,,,,0,,1,j-,1,
,,,,datatype-fmap_fmap-magnitude1_suffix-magnitude1,12,1,,0.00269,,,60,acquisition-se_suffix-asl,datatype-dwi_run-1_suffix-dwi,datatype-func_suffix-bold_task-frac2back,datatype-func_suffix-bold_task-idemo,,,,,0,,1,j-,1,
,,,,datatype-fmap_fmap-magnitude1_suffix-magnitude1,13,16,,0.00269,,,60,acquisition-se_suffix-asl,acquisition-singleband_datatype-func_suffix-bold_task-rest,datatype-func_suffix-bold_task-frac2back,datatype-func_suffix-bold_task-idemo,,,,,0,,1,j-,1,
,,,,datatype-fmap_fmap-magnitude1_suffix-magnitude1,14,4,,0.00269,,,60,acquisition-se_suffix-asl,datatype-dwi_run-1_suffix-dwi,datatype-dwi_run-2_suffix-dwi,datatype-func_suffix-bold_task-frac2back,,,,,0,,1,j-,1,
,,,,datatype-fmap_fmap-magnitude1_suffix-magnitude1,15,2,1.56E-05,0.00269,,,60,acquisition-se_suffix-asl,acquisition-singleband_datatype-func_suffix-bold_task-rest,datatype-func_suffix-bold_task-frac2back,datatype-func_suffix-bold_task-idemo,,,,,0,,1,j-,1,
,,,,datatype-fmap_fmap-magnitude1_suffix-magnitude1,16,5,,0.00269,,,60,acquisition-gre_suffix-asl,acquisition-se_suffix-asl,datatype-func_suffix-bold_task-frac2back,datatype-func_suffix-bold_task-idemo,suffix-m0scan,,,,0,,1,j-,1,
,,,,datatype-fmap_fmap-magnitude1_suffix-magnitude1,17,4,,0.00269,,,60,acquisition-se_suffix-asl,acquisition-singleband_datatype-func_suffix-bold_task-rest,datatype-func_suffix-bold_task-frac2back,datatype-func_suffix-bold_task-idemo,suffix-m0scan,,,,0,,1,j-,1,
,,,,datatype-fmap_fmap-magnitude1_suffix-magnitude1,18,2,,0.00269,,,60,acquisition-gre_suffix-asl,acquisition-se_suffix-asl,datatype-func_suffix-bold_task-frac2back,suffix-m0scan,,,,,0,,1,j-,1,
,,,,datatype-fmap_fmap-magnitude1_suffix-magnitude1,19,12,,0.00269,,,60,acquisition-se_suffix-asl,datatype-func_suffix-bold_task-frac2back,,,,,,,0,,1,j-,1,
,,,,datatype-fmap_fmap-magnitude1_suffix-magnitude1,20,1,,0.00269,,,60,datatype-dwi_run-1_suffix-dwi,datatype-dwi_run-2_suffix-dwi,datatype-func_suffix-bold_task-frac2back,datatype-func_suffix-bold_task-idemo,,,,,0,,1,j-,1,
,,,,datatype-fmap_fmap-magnitude1_suffix-magnitude1,21,10,,0.00269,,,60,datatype-func_suffix-bold_task-frac2back,datatype-func_suffix-bold_task-idemo,,,,,,,0,,1,j-,1,
,,,,datatype-fmap_fmap-magnitude1_suffix-magnitude1,22,2,,0.00269,,,60,acquisition-singleband_datatype-func_suffix-bold_task-rest,datatype-func_suffix-bold_task-frac2back,datatype-func_suffix-bold_task-idemo,,,,,,0,,1,j-,1,
,,,,datatype-fmap_fmap-magnitude1_suffix-magnitude1,23,7,,0.00269,,,60,acquisition-se_suffix-asl,acquisition-singleband_datatype-func_suffix-bold_task-rest,datatype-dwi_run-1_suffix-dwi,datatype-func_suffix-bold_task-frac2back,datatype-func_suffix-bold_task-idemo,,,,0,,1,j-,1,
,,,,datatype-fmap_fmap-magnitude1_suffix-magnitude1,24,2,,0.00269,,,60,acquisition-se_suffix-asl,acquisition-singleband_datatype-func_suffix-bold_task-rest,datatype-dwi_run-1_suffix-dwi,datatype-dwi_run-2_suffix-dwi,datatype-func_suffix-bold_task-idemo,,,,0,,1,j-,1,
,,,,datatype-fmap_fmap-magnitude1_suffix-magnitude1,25,2,,0.00269,,,60,acquisition-gre_suffix-asl,acquisition-se_suffix-asl,datatype-dwi_run-1_suffix-dwi,datatype-dwi_run-2_suffix-dwi,datatype-func_suffix-bold_task-frac2back,datatype-func_suffix-bold_task-idemo,suffix-m0scan,,0,,1,j-,1,
,,,,datatype-fmap_fmap-magnitude1_suffix-magnitude1,26,1,,0.00269,,,60,acquisition-100_datatype-func_suffix-bold_task-rest,acquisition-se_suffix-asl,acquisition-singleband_datatype-func_suffix-bold_task-rest,datatype-dwi_run-1_suffix-dwi,datatype-func_suffix-bold_task-frac2back,datatype-func_suffix-bold_task-idemo,,,0,,1,j-,1,
,,,,datatype-fmap_fmap-magnitude1_suffix-magnitude1,27,2,,0.00269,,,60,acquisition-se_suffix-asl,datatype-func_suffix-bold_task-frac2back,suffix-m0scan,,,,,,0,,1,j-,1,
,,,,datatype-fmap_fmap-magnitude1_suffix-magnitude1,28,1,,0.00269,,,60,acquisition-gre_suffix-asl,acquisition-se_suffix-asl,datatype-dwi_run-1_suffix-dwi,datatype-dwi_run-2_suffix-dwi,datatype-func_suffix-bold_task-idemo,suffix-m0scan,,,0,,1,j-,1,
,,,,datatype-fmap_fmap-magnitude1_suffix-magnitude1,29,2,1.56E-05,0.00269,,,60,acquisition-gre_suffix-asl,acquisition-se_suffix-asl,acquisition-singleband_datatype-func_suffix-bold_task-rest,datatype-dwi_run-1_suffix-dwi,datatype-dwi_run-2_suffix-dwi,datatype-func_suffix-bold_task-frac2back,datatype-func_suffix-bold_task-idemo,suffix-m0scan,0,,1,j-,1,
,,,,datatype-fmap_fmap-magnitude1_suffix-magnitude1,30,2,,0.00269,,,60,acquisition-gre_suffix-asl,acquisition-se_suffix-asl,acquisition-singleband_datatype-func_suffix-bold_task-rest,datatype-func_suffix-bold_task-frac2back,datatype-func_suffix-bold_task-idemo,suffix-m0scan,,,0,,1,j-,1,
,,,,datatype-fmap_fmap-magnitude1_suffix-magnitude1,31,1,1.56E-05,0.00269,,,60,acquisition-se_suffix-asl,datatype-dwi_run-1_suffix-dwi,datatype-func_suffix-bold_task-frac2back,datatype-func_suffix-bold_task-idemo,,,,,0,,1,j-,1,
,,,,datatype-fmap_fmap-magnitude1_suffix-magnitude1,32,3,1.56E-05,0.00269,,,60,acquisition-100_datatype-func_suffix-bold_task-rest,acquisition-se_suffix-asl,acquisition-singleband_datatype-func_suffix-bold_task-rest,datatype-dwi_run-1_suffix-dwi,datatype-dwi_run-2_suffix-dwi,datatype-func_suffix-bold_task-frac2back,datatype-func_suffix-bold_task-idemo,,0,,1,j-,1,
,,,,datatype-fmap_fmap-magnitude1_suffix-magnitude1,33,1,,0.00269,,,60,acquisition-se_suffix-asl,acquisition-singleband_datatype-func_suffix-bold_task-rest,datatype-dwi_run-1_suffix-dwi,datatype-dwi_run-2_suffix-dwi,,,,,0,,1,j-,1,
,,,,datatype-fmap_fmap-magnitude1_suffix-magnitude1,34,7,,0.00269,,,60,acquisition-100_datatype-func_suffix-bold_task-rest,acquisition-singleband_datatype-func_suffix-bold_task-rest,datatype-dwi_run-1_suffix-dwi,datatype-dwi_run-2_suffix-dwi,datatype-func_suffix-bold_task-frac2back,datatype-func_suffix-bold_task-idemo,,,0,,1,j-,1,
,,,,datatype-fmap_fmap-magnitude1_suffix-magnitude1,35,1,,0.00269,,,60,acquisition-singleband_datatype-func_suffix-bold_task-rest,datatype-dwi_run-1_suffix-dwi,datatype-func_suffix-bold_task-frac2back,datatype-func_suffix-bold_task-idemo,,,,,0,,1,j-,1,
,,,,datatype-fmap_fmap-magnitude1_suffix-magnitude1,36,1,,0.00269,,,60,acquisition-gre_suffix-asl,acquisition-se_suffix-asl,suffix-m0scan,,,,,,0,,1,j-,1,
,,,,datatype-fmap_fmap-magnitude1_suffix-magnitude1,37,1,,0.00269,,,60,acquisition-se_suffix-asl,acquisition-singleband_datatype-func_suffix-bold_task-rest,datatype-dwi_run-1_suffix-dwi,datatype-dwi_run-2_suffix-dwi,datatype-func_suffix-bold_task-frac2back,datatype-func_suffix-bold_task-hero,datatype-func_suffix-bold_task-idemo,,0,,1,j-,1,
,,,,datatype-fmap_fmap-magnitude1_suffix-magnitude1,38,1,,0.00269,,,60,acquisition-se_suffix-asl,datatype-dwi_run-1_suffix-dwi,datatype-dwi_run-2_suffix-dwi,datatype-func_suffix-bold_task-idemo,suffix-m0scan,,,,0,,1,j-,1,
,,,,datatype-fmap_fmap-magnitude1_suffix-magnitude1,39,1,,0.00269,,,60,acquisition-100_datatype-func_suffix-bold_task-rest,acquisition-se_suffix-asl,acquisition-singleband_datatype-func_suffix-bold_task-rest,datatype-func_suffix-bold_task-frac2back,datatype-func_suffix-bold_task-idemo,,,,0,,1,j-,1,
,,,,datatype-fmap_fmap-magnitude1_suffix-magnitude1,40,2,,0.00269,,,60,acquisition-se_suffix-asl,acquisition-singleband_datatype-func_suffix-bold_task-rest,datatype-dwi_run-1_suffix-dwi,datatype-dwi_run-2_suffix-dwi,datatype-func_suffix-bold_task-frac2back,,,,0,,1,j-,1,
,,,,datatype-fmap_fmap-magnitude1_suffix-magnitude1,41,2,,0.00269,,,60,acquisition-se_suffix-asl,,,,,,,,0,,1,j-,1,
,,,,datatype-fmap_fmap-magnitude1_suffix-magnitude1,42,1,,0.00269,,,60,acquisition-se_suffix-asl,datatype-func_suffix-bold_task-frac2back,datatype-func_suffix-bold_task-idemo,suffix-m0scan,,,,,0,,1,j-,1,
,,,,datatype-fmap_fmap-magnitude1_suffix-magnitude1,43,1,,0.00269,,,60,datatype-func_suffix-bold_task-frac2back,,,,,,,,0,,1,j-,1,
,,,,datatype-fmap_fmap-magnitude1_suffix-magnitude1,44,1,1.56E-05,0.00269,,,60,acquisition-se_suffix-asl,acquisition-singleband_datatype-func_suffix-bold_task-rest,datatype-dwi_run-1_suffix-dwi,datatype-func_suffix-bold_task-frac2back,datatype-func_suffix-bold_task-idemo,,,,0,,1,j-,1,
,,,,datatype-fmap_fmap-magnitude1_suffix-magnitude1,45,1,,0.00269,,,60,datatype-dwi_run-1_suffix-dwi,datatype-func_suffix-bold_task-frac2back,datatype-func_suffix-bold_task-idemo,,,,,,0,,1,j-,1,
,,,,datatype-fmap_fmap-magnitude2_suffix-magnitude2,1,1054,,0.00527,,,60,acquisition-se_suffix-asl,acquisition-singleband_datatype-func_suffix-bold_task-rest,datatype-dwi_run-1_suffix-dwi,datatype-dwi_run-2_suffix-dwi,datatype-func_suffix-bold_task-frac2back,datatype-func_suffix-bold_task-idemo,,,0,,1,j-,1,
,,,,datatype-fmap_fmap-magnitude2_suffix-magnitude2,2,31,,0.00527,,,60,acquisition-se_suffix-asl,datatype-func_suffix-bold_task-frac2back,datatype-func_suffix-bold_task-idemo,,,,,,0,,1,j-,1,
,,,,datatype-fmap_fmap-magnitude2_suffix-magnitude2,3,17,,0.00527,,,60,acquisition-singleband_datatype-func_suffix-bold_task-rest,datatype-dwi_run-1_suffix-dwi,datatype-dwi_run-2_suffix-dwi,datatype-func_suffix-bold_task-frac2back,datatype-func_suffix-bold_task-idemo,,,,0,,1,j-,1,
,,,,datatype-fmap_fmap-magnitude2_suffix-magnitude2,4,5,,0.00527,,,60,acquisition-se_suffix-asl,datatype-dwi_run-1_suffix-dwi,datatype-dwi_run-2_suffix-dwi,,,,,,0,,1,j-,1,
,,,,datatype-fmap_fmap-magnitude2_suffix-magnitude2,5,26,,0.00527,,,60,acquisition-se_suffix-asl,acquisition-singleband_datatype-func_suffix-bold_task-rest,datatype-dwi_run-1_suffix-dwi,datatype-dwi_run-2_suffix-dwi,datatype-func_suffix-bold_task-frac2back,datatype-func_suffix-bold_task-idemo,suffix-m0scan,,0,,1,j-,1,
,,,,datatype-fmap_fmap-magnitude2_suffix-magnitude2,6,170,,0.00527,,,60,acquisition-gre_suffix-asl,acquisition-se_suffix-asl,acquisition-singleband_datatype-func_suffix-bold_task-rest,datatype-dwi_run-1_suffix-dwi,datatype-dwi_run-2_suffix-dwi,datatype-func_suffix-bold_task-frac2back,datatype-func_suffix-bold_task-idemo,suffix-m0scan,0,,1,j-,1,
,,,,datatype-fmap_fmap-magnitude2_suffix-magnitude2,7,1,,0.00527,,,60,acquisition-se_suffix-asl,acquisition-singleband_datatype-func_suffix-bold_task-rest,datatype-func_suffix-bold_task-frac2back,,,,,,0,,1,j-,1,
,,,,datatype-fmap_fmap-magnitude2_suffix-magnitude2,8,14,,0.00527,,,60,acquisition-se_suffix-asl,datatype-func_suffix-bold_task-idemo,,,,,,,0,,1,j-,1,
,,,,datatype-fmap_fmap-magnitude2_suffix-magnitude2,9,63,,0.00527,,,60,acquisition-100_datatype-func_suffix-bold_task-rest,acquisition-se_suffix-asl,acquisition-singleband_datatype-func_suffix-bold_task-rest,datatype-dwi_run-1_suffix-dwi,datatype-dwi_run-2_suffix-dwi,datatype-func_suffix-bold_task-frac2back,datatype-func_suffix-bold_task-idemo,,0,,1,j-,1,
,,,,datatype-fmap_fmap-magnitude2_suffix-magnitude2,10,15,1.56E-05,0.00527,,,60,acquisition-se_suffix-asl,acquisition-singleband_datatype-func_suffix-bold_task-rest,datatype-dwi_run-1_suffix-dwi,datatype-dwi_run-2_suffix-dwi,datatype-func_suffix-bold_task-frac2back,datatype-func_suffix-bold_task-idemo,,,0,,1,j-,1,
,,,,datatype-fmap_fmap-magnitude2_suffix-magnitude2,11,14,,0.00527,,,60,acquisition-se_suffix-asl,datatype-dwi_run-1_suffix-dwi,datatype-dwi_run-2_suffix-dwi,datatype-func_suffix-bold_task-frac2back,datatype-func_suffix-bold_task-idemo,,,,0,,1,j-,1,
,,,,datatype-fmap_fmap-magnitude2_suffix-magnitude2,12,1,,0.00527,,,60,acquisition-se_suffix-asl,datatype-dwi_run-1_suffix-dwi,datatype-func_suffix-bold_task-frac2back,datatype-func_suffix-bold_task-idemo,,,,,0,,1,j-,1,
,,,,datatype-fmap_fmap-magnitude2_suffix-magnitude2,13,16,,0.00527,,,60,acquisition-se_suffix-asl,acquisition-singleband_datatype-func_suffix-bold_task-rest,datatype-func_suffix-bold_task-frac2back,datatype-func_suffix-bold_task-idemo,,,,,0,,1,j-,1,
,,,,datatype-fmap_fmap-magnitude2_suffix-magnitude2,14,4,,0.00527,,,60,acquisition-se_suffix-asl,datatype-dwi_run-1_suffix-dwi,datatype-dwi_run-2_suffix-dwi,datatype-func_suffix-bold_task-frac2back,,,,,0,,1,j-,1,
,,,,datatype-fmap_fmap-magnitude2_suffix-magnitude2,15,2,1.56E-05,0.00527,,,60,acquisition-se_suffix-asl,acquisition-singleband_datatype-func_suffix-bold_task-rest,datatype-func_suffix-bold_task-frac2back,datatype-func_suffix-bold_task-idemo,,,,,0,,1,j-,1,
,,,,datatype-fmap_fmap-magnitude2_suffix-magnitude2,16,5,,0.00527,,,60,acquisition-gre_suffix-asl,acquisition-se_suffix-asl,datatype-func_suffix-bold_task-frac2back,datatype-func_suffix-bold_task-idemo,suffix-m0scan,,,,0,,1,j-,1,
,,,,datatype-fmap_fmap-magnitude2_suffix-magnitude2,17,4,,0.00527,,,60,acquisition-se_suffix-asl,acquisition-singleband_datatype-func_suffix-bold_task-rest,datatype-func_suffix-bold_task-frac2back,datatype-func_suffix-bold_task-idemo,suffix-m0scan,,,,0,,1,j-,1,
,,,,datatype-fmap_fmap-magnitude2_suffix-magnitude2,18,2,,0.00527,,,60,acquisition-gre_suffix-asl,acquisition-se_suffix-asl,datatype-func_suffix-bold_task-frac2back,suffix-m0scan,,,,,0,,1,j-,1,
,,,,datatype-fmap_fmap-magnitude2_suffix-magnitude2,19,12,,0.00527,,,60,acquisition-se_suffix-asl,datatype-func_suffix-bold_task-frac2back,,,,,,,0,,1,j-,1,
,,,,datatype-fmap_fmap-magnitude2_suffix-magnitude2,20,1,,0.00527,,,60,datatype-dwi_run-1_suffix-dwi,datatype-dwi_run-2_suffix-dwi,datatype-func_suffix-bold_task-frac2back,datatype-func_suffix-bold_task-idemo,,,,,0,,1,j-,1,
,,,,datatype-fmap_fmap-magnitude2_suffix-magnitude2,21,10,,0.00527,,,60,datatype-func_suffix-bold_task-frac2back,datatype-func_suffix-bold_task-idemo,,,,,,,0,,1,j-,1,
,,,,datatype-fmap_fmap-magnitude2_suffix-magnitude2,22,2,,0.00527,,,60,acquisition-singleband_datatype-func_suffix-bold_task-rest,datatype-func_suffix-bold_task-frac2back,datatype-func_suffix-bold_task-idemo,,,,,,0,,1,j-,1,
,,,,datatype-fmap_fmap-magnitude2_suffix-magnitude2,23,7,,0.00527,,,60,acquisition-se_suffix-asl,acquisition-singleband_datatype-func_suffix-bold_task-rest,datatype-dwi_run-1_suffix-dwi,datatype-func_suffix-bold_task-frac2back,datatype-func_suffix-bold_task-idemo,,,,0,,1,j-,1,
,,,,datatype-fmap_fmap-magnitude2_suffix-magnitude2,24,2,,0.00527,,,60,acquisition-se_suffix-asl,acquisition-singleband_datatype-func_suffix-bold_task-rest,datatype-dwi_run-1_suffix-dwi,datatype-dwi_run-2_suffix-dwi,datatype-func_suffix-bold_task-idemo,,,,0,,1,j-,1,
,,,,datatype-fmap_fmap-magnitude2_suffix-magnitude2,25,2,,0.00527,,,60,acquisition-gre_suffix-asl,acquisition-se_suffix-asl,datatype-dwi_run-1_suffix-dwi,datatype-dwi_run-2_suffix-dwi,datatype-func_suffix-bold_task-frac2back,datatype-func_suffix-bold_task-idemo,suffix-m0scan,,0,,1,j-,1,
,,,,datatype-fmap_fmap-magnitude2_suffix-magnitude2,26,1,,0.00527,,,60,acquisition-100_datatype-func_suffix-bold_task-rest,acquisition-se_suffix-asl,acquisition-singleband_datatype-func_suffix-bold_task-rest,datatype-dwi_run-1_suffix-dwi,datatype-func_suffix-bold_task-frac2back,datatype-func_suffix-bold_task-idemo,,,0,,1,j-,1,
,,,,datatype-fmap_fmap-magnitude2_suffix-magnitude2,27,2,,0.00527,,,60,acquisition-se_suffix-asl,datatype-func_suffix-bold_task-frac2back,suffix-m0scan,,,,,,0,,1,j-,1,
,,,,datatype-fmap_fmap-magnitude2_suffix-magnitude2,28,1,,0.00527,,,60,acquisition-gre_suffix-asl,acquisition-se_suffix-asl,datatype-dwi_run-1_suffix-dwi,datatype-dwi_run-2_suffix-dwi,datatype-func_suffix-bold_task-idemo,suffix-m0scan,,,0,,1,j-,1,
,,,,datatype-fmap_fmap-magnitude2_suffix-magnitude2,29,2,1.56E-05,0.00527,,,60,acquisition-gre_suffix-asl,acquisition-se_suffix-asl,acquisition-singleband_datatype-func_suffix-bold_task-rest,datatype-dwi_run-1_suffix-dwi,datatype-dwi_run-2_suffix-dwi,datatype-func_suffix-bold_task-frac2back,datatype-func_suffix-bold_task-idemo,suffix-m0scan,0,,1,j-,1,
,,,,datatype-fmap_fmap-magnitude2_suffix-magnitude2,30,2,,0.00527,,,60,acquisition-gre_suffix-asl,acquisition-se_suffix-asl,acquisition-singleband_datatype-func_suffix-bold_task-rest,datatype-func_suffix-bold_task-frac2back,datatype-func_suffix-bold_task-idemo,suffix-m0scan,,,0,,1,j-,1,
,,,,datatype-fmap_fmap-magnitude2_suffix-magnitude2,31,1,1.56E-05,0.00527,,,60,acquisition-se_suffix-asl,datatype-dwi_run-1_suffix-dwi,datatype-func_suffix-bold_task-frac2back,datatype-func_suffix-bold_task-idemo,,,,,0,,1,j-,1,
,,,,datatype-fmap_fmap-magnitude2_suffix-magnitude2,32,3,1.56E-05,0.00527,,,60,acquisition-100_datatype-func_suffix-bold_task-rest,acquisition-se_suffix-asl,acquisition-singleband_datatype-func_suffix-bold_task-rest,datatype-dwi_run-1_suffix-dwi,datatype-dwi_run-2_suffix-dwi,datatype-func_suffix-bold_task-frac2back,datatype-func_suffix-bold_task-idemo,,0,,1,j-,1,
,,,,datatype-fmap_fmap-magnitude2_suffix-magnitude2,33,1,,0.00527,,,60,acquisition-se_suffix-asl,acquisition-singleband_datatype-func_suffix-bold_task-rest,datatype-dwi_run-1_suffix-dwi,datatype-dwi_run-2_suffix-dwi,,,,,0,,1,j-,1,
,,,,datatype-fmap_fmap-magnitude2_suffix-magnitude2,34,7,,0.00527,,,60,acquisition-100_datatype-func_suffix-bold_task-rest,acquisition-singleband_datatype-func_suffix-bold_task-rest,datatype-dwi_run-1_suffix-dwi,datatype-dwi_run-2_suffix-dwi,datatype-func_suffix-bold_task-frac2back,datatype-func_suffix-bold_task-idemo,,,0,,1,j-,1,
,,,,datatype-fmap_fmap-magnitude2_suffix-magnitude2,35,1,,0.00527,,,60,acquisition-singleband_datatype-func_suffix-bold_task-rest,datatype-dwi_run-1_suffix-dwi,datatype-func_suffix-bold_task-frac2back,datatype-func_suffix-bold_task-idemo,,,,,0,,1,j-,1,
,,,,datatype-fmap_fmap-magnitude2_suffix-magnitude2,36,1,,0.00527,,,60,acquisition-gre_suffix-asl,acquisition-se_suffix-asl,suffix-m0scan,,,,,,0,,1,j-,1,
,,,,datatype-fmap_fmap-magnitude2_suffix-magnitude2,37,1,,0.00527,,,60,acquisition-se_suffix-asl,acquisition-singleband_datatype-func_suffix-bold_task-rest,datatype-dwi_run-1_suffix-dwi,datatype-dwi_run-2_suffix-dwi,datatype-func_suffix-bold_task-frac2back,datatype-func_suffix-bold_task-hero,datatype-func_suffix-bold_task-idemo,,0,,1,j-,1,
,,,,datatype-fmap_fmap-magnitude2_suffix-magnitude2,38,1,,0.00527,,,60,acquisition-se_suffix-asl,datatype-dwi_run-1_suffix-dwi,datatype-dwi_run-2_suffix-dwi,datatype-func_suffix-bold_task-idemo,suffix-m0scan,,,,0,,1,j-,1,
,,,,datatype-fmap_fmap-magnitude2_suffix-magnitude2,39,1,,0.00527,,,60,acquisition-100_datatype-func_suffix-bold_task-rest,acquisition-se_suffix-asl,acquisition-singleband_datatype-func_suffix-bold_task-rest,datatype-func_suffix-bold_task-frac2back,datatype-func_suffix-bold_task-idemo,,,,0,,1,j-,1,
,,,,datatype-fmap_fmap-magnitude2_suffix-magnitude2,40,2,,0.00527,,,60,acquisition-se_suffix-asl,acquisition-singleband_datatype-func_suffix-bold_task-rest,datatype-dwi_run-1_suffix-dwi,datatype-dwi_run-2_suffix-dwi,datatype-func_suffix-bold_task-frac2back,,,,0,,1,j-,1,
,,,,datatype-fmap_fmap-magnitude2_suffix-magnitude2,41,2,,0.00527,,,60,acquisition-se_suffix-asl,,,,,,,,0,,1,j-,1,
,,,,datatype-fmap_fmap-magnitude2_suffix-magnitude2,42,1,,0.00527,,,60,acquisition-se_suffix-asl,datatype-func_suffix-bold_task-frac2back,datatype-func_suffix-bold_task-idemo,suffix-m0scan,,,,,0,,1,j-,1,
,,,,datatype-fmap_fmap-magnitude2_suffix-magnitude2,43,1,,0.00527,,,60,datatype-func_suffix-bold_task-frac2back,,,,,,,,0,,1,j-,1,
,,,,datatype-fmap_fmap-magnitude2_suffix-magnitude2,44,1,1.56E-05,0.00527,,,60,acquisition-se_suffix-asl,acquisition-singleband_datatype-func_suffix-bold_task-rest,datatype-dwi_run-1_suffix-dwi,datatype-func_suffix-bold_task-frac2back,datatype-func_suffix-bold_task-idemo,,,,0,,1,j-,1,
,,,,datatype-fmap_fmap-magnitude2_suffix-magnitude2,45,1,,0.00527,,,60,datatype-dwi_run-1_suffix-dwi,datatype-func_suffix-bold_task-frac2back,datatype-func_suffix-bold_task-idemo,,,,,,0,,1,j-,1,
,,,,datatype-fmap_fmap-phase1_suffix-phase1,1,1054,,0.00269,,,60,acquisition-se_suffix-asl,acquisition-singleband_datatype-func_suffix-bold_task-rest,datatype-dwi_run-1_suffix-dwi,datatype-dwi_run-2_suffix-dwi,datatype-func_suffix-bold_task-frac2back,datatype-func_suffix-bold_task-idemo,,,0,,1,j-,1,
,,,,datatype-fmap_fmap-phase1_suffix-phase1,2,31,,0.00269,,,60,acquisition-se_suffix-asl,datatype-func_suffix-bold_task-frac2back,datatype-func_suffix-bold_task-idemo,,,,,,0,,1,j-,1,
,,,,datatype-fmap_fmap-phase1_suffix-phase1,3,17,,0.00269,,,60,acquisition-singleband_datatype-func_suffix-bold_task-rest,datatype-dwi_run-1_suffix-dwi,datatype-dwi_run-2_suffix-dwi,datatype-func_suffix-bold_task-frac2back,datatype-func_suffix-bold_task-idemo,,,,0,,1,j-,1,
,,,,datatype-fmap_fmap-phase1_suffix-phase1,4,5,,0.00269,,,60,acquisition-se_suffix-asl,datatype-dwi_run-1_suffix-dwi,datatype-dwi_run-2_suffix-dwi,,,,,,0,,1,j-,1,
,,,,datatype-fmap_fmap-phase1_suffix-phase1,5,26,,0.00269,,,60,acquisition-se_suffix-asl,acquisition-singleband_datatype-func_suffix-bold_task-rest,datatype-dwi_run-1_suffix-dwi,datatype-dwi_run-2_suffix-dwi,datatype-func_suffix-bold_task-frac2back,datatype-func_suffix-bold_task-idemo,suffix-m0scan,,0,,1,j-,1,
,,,,datatype-fmap_fmap-phase1_suffix-phase1,6,170,,0.00269,,,60,acquisition-gre_suffix-asl,acquisition-se_suffix-asl,acquisition-singleband_datatype-func_suffix-bold_task-rest,datatype-dwi_run-1_suffix-dwi,datatype-dwi_run-2_suffix-dwi,datatype-func_suffix-bold_task-frac2back,datatype-func_suffix-bold_task-idemo,suffix-m0scan,0,,1,j-,1,
,,,,datatype-fmap_fmap-phase1_suffix-phase1,7,1,,0.00269,,,60,acquisition-se_suffix-asl,acquisition-singleband_datatype-func_suffix-bold_task-rest,datatype-func_suffix-bold_task-frac2back,,,,,,0,,1,j-,1,
,,,,datatype-fmap_fmap-phase1_suffix-phase1,8,14,,0.00269,,,60,acquisition-se_suffix-asl,datatype-func_suffix-bold_task-idemo,,,,,,,0,,1,j-,1,
,,,,datatype-fmap_fmap-phase1_suffix-phase1,9,63,,0.00269,,,60,acquisition-100_datatype-func_suffix-bold_task-rest,acquisition-se_suffix-asl,acquisition-singleband_datatype-func_suffix-bold_task-rest,datatype-dwi_run-1_suffix-dwi,datatype-dwi_run-2_suffix-dwi,datatype-func_suffix-bold_task-frac2back,datatype-func_suffix-bold_task-idemo,,0,,1,j-,1,
,,,,datatype-fmap_fmap-phase1_suffix-phase1,10,15,1.56E-05,0.00269,,,60,acquisition-se_suffix-asl,acquisition-singleband_datatype-func_suffix-bold_task-rest,datatype-dwi_run-1_suffix-dwi,datatype-dwi_run-2_suffix-dwi,datatype-func_suffix-bold_task-frac2back,datatype-func_suffix-bold_task-idemo,,,0,,1,j-,1,
,,,,datatype-fmap_fmap-phase1_suffix-phase1,11,14,,0.00269,,,60,acquisition-se_suffix-asl,datatype-dwi_run-1_suffix-dwi,datatype-dwi_run-2_suffix-dwi,datatype-func_suffix-bold_task-frac2back,datatype-func_suffix-bold_task-idemo,,,,0,,1,j-,1,
,,,,datatype-fmap_fmap-phase1_suffix-phase1,12,1,,0.00269,,,60,acquisition-se_suffix-asl,datatype-dwi_run-1_suffix-dwi,datatype-func_suffix-bold_task-frac2back,datatype-func_suffix-bold_task-idemo,,,,,0,,1,j-,1,
,,,,datatype-fmap_fmap-phase1_suffix-phase1,13,16,,0.00269,,,60,acquisition-se_suffix-asl,acquisition-singleband_datatype-func_suffix-bold_task-rest,datatype-func_suffix-bold_task-frac2back,datatype-func_suffix-bold_task-idemo,,,,,0,,1,j-,1,
,,,,datatype-fmap_fmap-phase1_suffix-phase1,14,4,,0.00269,,,60,acquisition-se_suffix-asl,datatype-dwi_run-1_suffix-dwi,datatype-dwi_run-2_suffix-dwi,datatype-func_suffix-bold_task-frac2back,,,,,0,,1,j-,1,
,,,,datatype-fmap_fmap-phase1_suffix-phase1,15,2,1.56E-05,0.00269,,,60,acquisition-se_suffix-asl,acquisition-singleband_datatype-func_suffix-bold_task-rest,datatype-func_suffix-bold_task-frac2back,datatype-func_suffix-bold_task-idemo,,,,,0,,1,j-,1,
,,,,datatype-fmap_fmap-phase1_suffix-phase1,16,5,,0.00269,,,60,acquisition-gre_suffix-asl,acquisition-se_suffix-asl,datatype-func_suffix-bold_task-frac2back,datatype-func_suffix-bold_task-idemo,suffix-m0scan,,,,0,,1,j-,1,
,,,,datatype-fmap_fmap-phase1_suffix-phase1,17,4,,0.00269,,,60,acquisition-se_suffix-asl,acquisition-singleband_datatype-func_suffix-bold_task-rest,datatype-func_suffix-bold_task-frac2back,datatype-func_suffix-bold_task-idemo,suffix-m0scan,,,,0,,1,j-,1,
,,,,datatype-fmap_fmap-phase1_suffix-phase1,18,2,,0.00269,,,60,acquisition-gre_suffix-asl,acquisition-se_suffix-asl,datatype-func_suffix-bold_task-frac2back,suffix-m0scan,,,,,0,,1,j-,1,
,,,,datatype-fmap_fmap-phase1_suffix-phase1,19,12,,0.00269,,,60,acquisition-se_suffix-asl,datatype-func_suffix-bold_task-frac2back,,,,,,,0,,1,j-,1,
,,,,datatype-fmap_fmap-phase1_suffix-phase1,20,1,,0.00269,,,60,datatype-dwi_run-1_suffix-dwi,datatype-dwi_run-2_suffix-dwi,datatype-func_suffix-bold_task-frac2back,datatype-func_suffix-bold_task-idemo,,,,,0,,1,j-,1,
,,,,datatype-fmap_fmap-phase1_suffix-phase1,21,10,,0.00269,,,60,datatype-func_suffix-bold_task-frac2back,datatype-func_suffix-bold_task-idemo,,,,,,,0,,1,j-,1,
,,,,datatype-fmap_fmap-phase1_suffix-phase1,22,2,,0.00269,,,60,acquisition-singleband_datatype-func_suffix-bold_task-rest,datatype-func_suffix-bold_task-frac2back,datatype-func_suffix-bold_task-idemo,,,,,,0,,1,j-,1,
,,,,datatype-fmap_fmap-phase1_suffix-phase1,23,7,,0.00269,,,60,acquisition-se_suffix-asl,acquisition-singleband_datatype-func_suffix-bold_task-rest,datatype-dwi_run-1_suffix-dwi,datatype-func_suffix-bold_task-frac2back,datatype-func_suffix-bold_task-idemo,,,,0,,1,j-,1,
,,,,datatype-fmap_fmap-phase1_suffix-phase1,24,2,,0.00269,,,60,acquisition-se_suffix-asl,acquisition-singleband_datatype-func_suffix-bold_task-rest,datatype-dwi_run-1_suffix-dwi,datatype-dwi_run-2_suffix-dwi,datatype-func_suffix-bold_task-idemo,,,,0,,1,j-,1,
,,,,datatype-fmap_fmap-phase1_suffix-phase1,25,2,,0.00269,,,60,acquisition-gre_suffix-asl,acquisition-se_suffix-asl,datatype-dwi_run-1_suffix-dwi,datatype-dwi_run-2_suffix-dwi,datatype-func_suffix-bold_task-frac2back,datatype-func_suffix-bold_task-idemo,suffix-m0scan,,0,,1,j-,1,
,,,,datatype-fmap_fmap-phase1_suffix-phase1,26,1,,0.00269,,,60,acquisition-100_datatype-func_suffix-bold_task-rest,acquisition-se_suffix-asl,acquisition-singleband_datatype-func_suffix-bold_task-rest,datatype-dwi_run-1_suffix-dwi,datatype-func_suffix-bold_task-frac2back,datatype-func_suffix-bold_task-idemo,,,0,,1,j-,1,
,,,,datatype-fmap_fmap-phase1_suffix-phase1,27,2,,0.00269,,,60,acquisition-se_suffix-asl,datatype-func_suffix-bold_task-frac2back,suffix-m0scan,,,,,,0,,1,j-,1,
,,,,datatype-fmap_fmap-phase1_suffix-phase1,28,1,,0.00269,,,60,acquisition-gre_suffix-asl,acquisition-se_suffix-asl,datatype-dwi_run-1_suffix-dwi,datatype-dwi_run-2_suffix-dwi,datatype-func_suffix-bold_task-idemo,suffix-m0scan,,,0,,1,j-,1,
,,,,datatype-fmap_fmap-phase1_suffix-phase1,29,2,1.56E-05,0.00269,,,60,acquisition-gre_suffix-asl,acquisition-se_suffix-asl,acquisition-singleband_datatype-func_suffix-bold_task-rest,datatype-dwi_run-1_suffix-dwi,datatype-dwi_run-2_suffix-dwi,datatype-func_suffix-bold_task-frac2back,datatype-func_suffix-bold_task-idemo,suffix-m0scan,0,,1,j-,1,
,,,,datatype-fmap_fmap-phase1_suffix-phase1,30,2,,0.00269,,,60,acquisition-gre_suffix-asl,acquisition-se_suffix-asl,acquisition-singleband_datatype-func_suffix-bold_task-rest,datatype-func_suffix-bold_task-frac2back,datatype-func_suffix-bold_task-idemo,suffix-m0scan,,,0,,1,j-,1,
,,,,datatype-fmap_fmap-phase1_suffix-phase1,31,1,1.56E-05,0.00269,,,60,acquisition-se_suffix-asl,datatype-dwi_run-1_suffix-dwi,datatype-func_suffix-bold_task-frac2back,datatype-func_suffix-bold_task-idemo,,,,,0,,1,j-,1,
,,,,datatype-fmap_fmap-phase1_suffix-phase1,32,3,1.56E-05,0.00269,,,60,acquisition-100_datatype-func_suffix-bold_task-rest,acquisition-se_suffix-asl,acquisition-singleband_datatype-func_suffix-bold_task-rest,datatype-dwi_run-1_suffix-dwi,datatype-dwi_run-2_suffix-dwi,datatype-func_suffix-bold_task-frac2back,datatype-func_suffix-bold_task-idemo,,0,,1,j-,1,
,,,,datatype-fmap_fmap-phase1_suffix-phase1,33,1,,0.00269,,,60,acquisition-se_suffix-asl,acquisition-singleband_datatype-func_suffix-bold_task-rest,datatype-dwi_run-1_suffix-dwi,datatype-dwi_run-2_suffix-dwi,,,,,0,,1,j-,1,
,,,,datatype-fmap_fmap-phase1_suffix-phase1,34,7,,0.00269,,,60,acquisition-100_datatype-func_suffix-bold_task-rest,acquisition-singleband_datatype-func_suffix-bold_task-rest,datatype-dwi_run-1_suffix-dwi,datatype-dwi_run-2_suffix-dwi,datatype-func_suffix-bold_task-frac2back,datatype-func_suffix-bold_task-idemo,,,0,,1,j-,1,
,,,,datatype-fmap_fmap-phase1_suffix-phase1,35,1,,0.00269,,,60,acquisition-singleband_datatype-func_suffix-bold_task-rest,datatype-dwi_run-1_suffix-dwi,datatype-func_suffix-bold_task-frac2back,datatype-func_suffix-bold_task-idemo,,,,,0,,1,j-,1,
,,,,datatype-fmap_fmap-phase1_suffix-phase1,36,1,,0.00269,,,60,acquisition-gre_suffix-asl,acquisition-se_suffix-asl,suffix-m0scan,,,,,,0,,1,j-,1,
,,,,datatype-fmap_fmap-phase1_suffix-phase1,37,1,,0.00269,,,60,acquisition-se_suffix-asl,acquisition-singleband_datatype-func_suffix-bold_task-rest,datatype-dwi_run-1_suffix-dwi,datatype-dwi_run-2_suffix-dwi,datatype-func_suffix-bold_task-frac2back,datatype-func_suffix-bold_task-hero,datatype-func_suffix-bold_task-idemo,,0,,1,j-,1,
,,,,datatype-fmap_fmap-phase1_suffix-phase1,38,1,,0.00269,,,60,acquisition-se_suffix-asl,datatype-dwi_run-1_suffix-dwi,datatype-dwi_run-2_suffix-dwi,datatype-func_suffix-bold_task-idemo,suffix-m0scan,,,,0,,1,j-,1,
,,,,datatype-fmap_fmap-phase1_suffix-phase1,39,1,,0.00269,,,60,acquisition-100_datatype-func_suffix-bold_task-rest,acquisition-se_suffix-asl,acquisition-singleband_datatype-func_suffix-bold_task-rest,datatype-func_suffix-bold_task-frac2back,datatype-func_suffix-bold_task-idemo,,,,0,,1,j-,1,
,,,,datatype-fmap_fmap-phase1_suffix-phase1,40,2,,0.00269,,,60,acquisition-se_suffix-asl,acquisition-singleband_datatype-func_suffix-bold_task-rest,datatype-dwi_run-1_suffix-dwi,datatype-dwi_run-2_suffix-dwi,datatype-func_suffix-bold_task-frac2back,,,,0,,1,j-,1,
,,,,datatype-fmap_fmap-phase1_suffix-phase1,41,2,,0.00269,,,60,acquisition-se_suffix-asl,,,,,,,,0,,1,j-,1,
,,,,datatype-fmap_fmap-phase1_suffix-phase1,42,1,,0.00269,,,60,acquisition-se_suffix-asl,datatype-func_suffix-bold_task-frac2back,datatype-func_suffix-bold_task-idemo,suffix-m0scan,,,,,0,,1,j-,1,
,,,,datatype-fmap_fmap-phase1_suffix-phase1,43,1,,0.00269,,,60,datatype-func_suffix-bold_task-frac2back,,,,,,,,0,,1,j-,1,
,,,,datatype-fmap_fmap-phase1_suffix-phase1,44,1,1.56E-05,0.00269,,,60,acquisition-se_suffix-asl,acquisition-singleband_datatype-func_suffix-bold_task-rest,datatype-dwi_run-1_suffix-dwi,datatype-func_suffix-bold_task-frac2back,datatype-func_suffix-bold_task-idemo,,,,0,,1,j-,1,
,,,,datatype-fmap_fmap-phase1_suffix-phase1,45,1,,0.00269,,,60,datatype-dwi_run-1_suffix-dwi,datatype-func_suffix-bold_task-frac2back,datatype-func_suffix-bold_task-idemo,,,,,,0,,1,j-,1,
,,,,datatype-fmap_fmap-phase2_suffix-phase2,1,1054,,0.00527,,,60,acquisition-se_suffix-asl,acquisition-singleband_datatype-func_suffix-bold_task-rest,datatype-dwi_run-1_suffix-dwi,datatype-dwi_run-2_suffix-dwi,datatype-func_suffix-bold_task-frac2back,datatype-func_suffix-bold_task-idemo,,,0,,1,j-,1,
,,,,datatype-fmap_fmap-phase2_suffix-phase2,2,31,,0.00527,,,60,acquisition-se_suffix-asl,datatype-func_suffix-bold_task-frac2back,datatype-func_suffix-bold_task-idemo,,,,,,0,,1,j-,1,
,,,,datatype-fmap_fmap-phase2_suffix-phase2,3,17,,0.00527,,,60,acquisition-singleband_datatype-func_suffix-bold_task-rest,datatype-dwi_run-1_suffix-dwi,datatype-dwi_run-2_suffix-dwi,datatype-func_suffix-bold_task-frac2back,datatype-func_suffix-bold_task-idemo,,,,0,,1,j-,1,
,,,,datatype-fmap_fmap-phase2_suffix-phase2,4,5,,0.00527,,,60,acquisition-se_suffix-asl,datatype-dwi_run-1_suffix-dwi,datatype-dwi_run-2_suffix-dwi,,,,,,0,,1,j-,1,
,,,,datatype-fmap_fmap-phase2_suffix-phase2,5,26,,0.00527,,,60,acquisition-se_suffix-asl,acquisition-singleband_datatype-func_suffix-bold_task-rest,datatype-dwi_run-1_suffix-dwi,datatype-dwi_run-2_suffix-dwi,datatype-func_suffix-bold_task-frac2back,datatype-func_suffix-bold_task-idemo,suffix-m0scan,,0,,1,j-,1,
,,,,datatype-fmap_fmap-phase2_suffix-phase2,6,170,,0.00527,,,60,acquisition-gre_suffix-asl,acquisition-se_suffix-asl,acquisition-singleband_datatype-func_suffix-bold_task-rest,datatype-dwi_run-1_suffix-dwi,datatype-dwi_run-2_suffix-dwi,datatype-func_suffix-bold_task-frac2back,datatype-func_suffix-bold_task-idemo,suffix-m0scan,0,,1,j-,1,
,,,,datatype-fmap_fmap-phase2_suffix-phase2,7,1,,0.00527,,,60,acquisition-se_suffix-asl,acquisition-singleband_datatype-func_suffix-bold_task-rest,datatype-func_suffix-bold_task-frac2back,,,,,,0,,1,j-,1,
,,,,datatype-fmap_fmap-phase2_suffix-phase2,8,14,,0.00527,,,60,acquisition-se_suffix-asl,datatype-func_suffix-bold_task-idemo,,,,,,,0,,1,j-,1,
,,,,datatype-fmap_fmap-phase2_suffix-phase2,9,63,,0.00527,,,60,acquisition-100_datatype-func_suffix-bold_task-rest,acquisition-se_suffix-asl,acquisition-singleband_datatype-func_suffix-bold_task-rest,datatype-dwi_run-1_suffix-dwi,datatype-dwi_run-2_suffix-dwi,datatype-func_suffix-bold_task-frac2back,datatype-func_suffix-bold_task-idemo,,0,,1,j-,1,
,,,,datatype-fmap_fmap-phase2_suffix-phase2,10,15,1.56E-05,0.00527,,,60,acquisition-se_suffix-asl,acquisition-singleband_datatype-func_suffix-bold_task-rest,datatype-dwi_run-1_suffix-dwi,datatype-dwi_run-2_suffix-dwi,datatype-func_suffix-bold_task-frac2back,datatype-func_suffix-bold_task-idemo,,,0,,1,j-,1,
,,,,datatype-fmap_fmap-phase2_suffix-phase2,11,14,,0.00527,,,60,acquisition-se_suffix-asl,datatype-dwi_run-1_suffix-dwi,datatype-dwi_run-2_suffix-dwi,datatype-func_suffix-bold_task-frac2back,datatype-func_suffix-bold_task-idemo,,,,0,,1,j-,1,
,,,,datatype-fmap_fmap-phase2_suffix-phase2,12,1,,0.00527,,,60,acquisition-se_suffix-asl,datatype-dwi_run-1_suffix-dwi,datatype-func_suffix-bold_task-frac2back,datatype-func_suffix-bold_task-idemo,,,,,0,,1,j-,1,
,,,,datatype-fmap_fmap-phase2_suffix-phase2,13,16,,0.00527,,,60,acquisition-se_suffix-asl,acquisition-singleband_datatype-func_suffix-bold_task-rest,datatype-func_suffix-bold_task-frac2back,datatype-func_suffix-bold_task-idemo,,,,,0,,1,j-,1,
,,,,datatype-fmap_fmap-phase2_suffix-phase2,14,4,,0.00527,,,60,acquisition-se_suffix-asl,datatype-dwi_run-1_suffix-dwi,datatype-dwi_run-2_suffix-dwi,datatype-func_suffix-bold_task-frac2back,,,,,0,,1,j-,1,
,,,,datatype-fmap_fmap-phase2_suffix-phase2,15,2,1.56E-05,0.00527,,,60,acquisition-se_suffix-asl,acquisition-singleband_datatype-func_suffix-bold_task-rest,datatype-func_suffix-bold_task-frac2back,datatype-func_suffix-bold_task-idemo,,,,,0,,1,j-,1,
,,,,datatype-fmap_fmap-phase2_suffix-phase2,16,5,,0.00527,,,60,acquisition-gre_suffix-asl,acquisition-se_suffix-asl,datatype-func_suffix-bold_task-frac2back,datatype-func_suffix-bold_task-idemo,suffix-m0scan,,,,0,,1,j-,1,
,,,,datatype-fmap_fmap-phase2_suffix-phase2,17,4,,0.00527,,,60,acquisition-se_suffix-asl,acquisition-singleband_datatype-func_suffix-bold_task-rest,datatype-func_suffix-bold_task-frac2back,datatype-func_suffix-bold_task-idemo,suffix-m0scan,,,,0,,1,j-,1,
,,,,datatype-fmap_fmap-phase2_suffix-phase2,18,2,,0.00527,,,60,acquisition-gre_suffix-asl,acquisition-se_suffix-asl,datatype-func_suffix-bold_task-frac2back,suffix-m0scan,,,,,0,,1,j-,1,
,,,,datatype-fmap_fmap-phase2_suffix-phase2,19,12,,0.00527,,,60,acquisition-se_suffix-asl,datatype-func_suffix-bold_task-frac2back,,,,,,,0,,1,j-,1,
,,,,datatype-fmap_fmap-phase2_suffix-phase2,20,1,,0.00527,,,60,datatype-dwi_run-1_suffix-dwi,datatype-dwi_run-2_suffix-dwi,datatype-func_suffix-bold_task-frac2back,datatype-func_suffix-bold_task-idemo,,,,,0,,1,j-,1,
,,,,datatype-fmap_fmap-phase2_suffix-phase2,21,10,,0.00527,,,60,datatype-func_suffix-bold_task-frac2back,datatype-func_suffix-bold_task-idemo,,,,,,,0,,1,j-,1,
,,,,datatype-fmap_fmap-phase2_suffix-phase2,22,2,,0.00527,,,60,acquisition-singleband_datatype-func_suffix-bold_task-rest,datatype-func_suffix-bold_task-frac2back,datatype-func_suffix-bold_task-idemo,,,,,,0,,1,j-,1,
,,,,datatype-fmap_fmap-phase2_suffix-phase2,23,7,,0.00527,,,60,acquisition-se_suffix-asl,acquisition-singleband_datatype-func_suffix-bold_task-rest,datatype-dwi_run-1_suffix-dwi,datatype-func_suffix-bold_task-frac2back,datatype-func_suffix-bold_task-idemo,,,,0,,1,j-,1,
,,,,datatype-fmap_fmap-phase2_suffix-phase2,24,2,,0.00527,,,60,acquisition-se_suffix-asl,acquisition-singleband_datatype-func_suffix-bold_task-rest,datatype-dwi_run-1_suffix-dwi,datatype-dwi_run-2_suffix-dwi,datatype-func_suffix-bold_task-idemo,,,,0,,1,j-,1,
,,,,datatype-fmap_fmap-phase2_suffix-phase2,25,2,,0.00527,,,60,acquisition-gre_suffix-asl,acquisition-se_suffix-asl,datatype-dwi_run-1_suffix-dwi,datatype-dwi_run-2_suffix-dwi,datatype-func_suffix-bold_task-frac2back,datatype-func_suffix-bold_task-idemo,suffix-m0scan,,0,,1,j-,1,
,,,,datatype-fmap_fmap-phase2_suffix-phase2,26,1,,0.00527,,,60,acquisition-100_datatype-func_suffix-bold_task-rest,acquisition-se_suffix-asl,acquisition-singleband_datatype-func_suffix-bold_task-rest,datatype-dwi_run-1_suffix-dwi,datatype-func_suffix-bold_task-frac2back,datatype-func_suffix-bold_task-idemo,,,0,,1,j-,1,
,,,,datatype-fmap_fmap-phase2_suffix-phase2,27,2,,0.00527,,,60,acquisition-se_suffix-asl,datatype-func_suffix-bold_task-frac2back,suffix-m0scan,,,,,,0,,1,j-,1,
,,,,datatype-fmap_fmap-phase2_suffix-phase2,28,1,,0.00527,,,60,acquisition-gre_suffix-asl,acquisition-se_suffix-asl,datatype-dwi_run-1_suffix-dwi,datatype-dwi_run-2_suffix-dwi,datatype-func_suffix-bold_task-idemo,suffix-m0scan,,,0,,1,j-,1,
,,,,datatype-fmap_fmap-phase2_suffix-phase2,29,2,1.56E-05,0.00527,,,60,acquisition-gre_suffix-asl,acquisition-se_suffix-asl,acquisition-singleband_datatype-func_suffix-bold_task-rest,datatype-dwi_run-1_suffix-dwi,datatype-dwi_run-2_suffix-dwi,datatype-func_suffix-bold_task-frac2back,datatype-func_suffix-bold_task-idemo,suffix-m0scan,0,,1,j-,1,
,,,,datatype-fmap_fmap-phase2_suffix-phase2,30,2,,0.00527,,,60,acquisition-gre_suffix-asl,acquisition-se_suffix-asl,acquisition-singleband_datatype-func_suffix-bold_task-rest,datatype-func_suffix-bold_task-frac2back,datatype-func_suffix-bold_task-idemo,suffix-m0scan,,,0,,1,j-,1,
,,,,datatype-fmap_fmap-phase2_suffix-phase2,31,1,1.56E-05,0.00527,,,60,acquisition-se_suffix-asl,datatype-dwi_run-1_suffix-dwi,datatype-func_suffix-bold_task-frac2back,datatype-func_suffix-bold_task-idemo,,,,,0,,1,j-,1,
,,,,datatype-fmap_fmap-phase2_suffix-phase2,32,3,1.56E-05,0.00527,,,60,acquisition-100_datatype-func_suffix-bold_task-rest,acquisition-se_suffix-asl,acquisition-singleband_datatype-func_suffix-bold_task-rest,datatype-dwi_run-1_suffix-dwi,datatype-dwi_run-2_suffix-dwi,datatype-func_suffix-bold_task-frac2back,datatype-func_suffix-bold_task-idemo,,0,,1,j-,1,
,,,,datatype-fmap_fmap-phase2_suffix-phase2,33,1,,0.00527,,,60,acquisition-se_suffix-asl,acquisition-singleband_datatype-func_suffix-bold_task-rest,datatype-dwi_run-1_suffix-dwi,datatype-dwi_run-2_suffix-dwi,,,,,0,,1,j-,1,
,,,,datatype-fmap_fmap-phase2_suffix-phase2,34,7,,0.00527,,,60,acquisition-100_datatype-func_suffix-bold_task-rest,acquisition-singleband_datatype-func_suffix-bold_task-rest,datatype-dwi_run-1_suffix-dwi,datatype-dwi_run-2_suffix-dwi,datatype-func_suffix-bold_task-frac2back,datatype-func_suffix-bold_task-idemo,,,0,,1,j-,1,
,,,,datatype-fmap_fmap-phase2_suffix-phase2,35,1,,0.00527,,,60,acquisition-singleband_datatype-func_suffix-bold_task-rest,datatype-dwi_run-1_suffix-dwi,datatype-func_suffix-bold_task-frac2back,datatype-func_suffix-bold_task-idemo,,,,,0,,1,j-,1,
,,,,datatype-fmap_fmap-phase2_suffix-phase2,36,1,,0.00527,,,60,acquisition-gre_suffix-asl,acquisition-se_suffix-asl,suffix-m0scan,,,,,,0,,1,j-,1,
,,,,datatype-fmap_fmap-phase2_suffix-phase2,37,1,,0.00527,,,60,acquisition-se_suffix-asl,acquisition-singleband_datatype-func_suffix-bold_task-rest,datatype-dwi_run-1_suffix-dwi,datatype-dwi_run-2_suffix-dwi,datatype-func_suffix-bold_task-frac2back,datatype-func_suffix-bold_task-hero,datatype-func_suffix-bold_task-idemo,,0,,1,j-,1,
,,,,datatype-fmap_fmap-phase2_suffix-phase2,38,1,,0.00527,,,60,acquisition-se_suffix-asl,datatype-dwi_run-1_suffix-dwi,datatype-dwi_run-2_suffix-dwi,datatype-func_suffix-bold_task-idemo,suffix-m0scan,,,,0,,1,j-,1,
,,,,datatype-fmap_fmap-phase2_suffix-phase2,39,1,,0.00527,,,60,acquisition-100_datatype-func_suffix-bold_task-rest,acquisition-se_suffix-asl,acquisition-singleband_datatype-func_suffix-bold_task-rest,datatype-func_suffix-bold_task-frac2back,datatype-func_suffix-bold_task-idemo,,,,0,,1,j-,1,
,,,,datatype-fmap_fmap-phase2_suffix-phase2,40,2,,0.00527,,,60,acquisition-se_suffix-asl,acquisition-singleband_datatype-func_suffix-bold_task-rest,datatype-dwi_run-1_suffix-dwi,datatype-dwi_run-2_suffix-dwi,datatype-func_suffix-bold_task-frac2back,,,,0,,1,j-,1,
,,,,datatype-fmap_fmap-phase2_suffix-phase2,41,2,,0.00527,,,60,acquisition-se_suffix-asl,,,,,,,,0,,1,j-,1,
,,,,datatype-fmap_fmap-phase2_suffix-phase2,42,1,,0.00527,,,60,acquisition-se_suffix-asl,datatype-func_suffix-bold_task-frac2back,datatype-func_suffix-bold_task-idemo,suffix-m0scan,,,,,0,,1,j-,1,
,,,,datatype-fmap_fmap-phase2_suffix-phase2,43,1,,0.00527,,,60,datatype-func_suffix-bold_task-frac2back,,,,,,,,0,,1,j-,1,
,,,,datatype-fmap_fmap-phase2_suffix-phase2,44,1,1.56E-05,0.00527,,,60,acquisition-se_suffix-asl,acquisition-singleband_datatype-func_suffix-bold_task-rest,datatype-dwi_run-1_suffix-dwi,datatype-func_suffix-bold_task-frac2back,datatype-func_suffix-bold_task-idemo,,,,0,,1,j-,1,
,,,,datatype-fmap_fmap-phase2_suffix-phase2,45,1,,0.00527,,,60,datatype-dwi_run-1_suffix-dwi,datatype-func_suffix-bold_task-frac2back,datatype-func_suffix-bold_task-idemo,,,,,,0,,1,j-,1,
,,,,datatype-fmap_fmap-phasediff_suffix-phasediff,1,13,,0.00667,,,60,acquisition-se_suffix-asl,acquisition-singleband_datatype-func_suffix-bold_task-rest,datatype-dwi_run-1_suffix-dwi,datatype-dwi_run-2_suffix-dwi,datatype-func_suffix-bold_task-frac2back,datatype-func_suffix-bold_task-idemo,,,0,,1,j-,0.5,
,,,,datatype-fmap_fmap-phasediff_suffix-phasediff,2,2,3E-05,0.00667,,,60,acquisition-se_suffix-asl,acquisition-singleband_datatype-func_suffix-bold_task-rest,datatype-dwi_run-1_suffix-dwi,datatype-dwi_run-2_suffix-dwi,datatype-func_suffix-bold_task-frac2back,datatype-func_suffix-bold_task-idemo,,,0,,1,j-,0.5,
,,,,datatype-fmap_fmap-phasediff_suffix-phasediff,3,1,,0.00667,,,60,acquisition-se_suffix-asl,acquisition-singleband_datatype-func_suffix-bold_task-rest,datatype-dwi_run-1_suffix-dwi,datatype-dwi_run-2_suffix-dwi,datatype-func_suffix-bold_task-go2back,datatype-func_suffix-bold_task-idemo,,,0,,1,j-,0.5,
,,,,datatype-fmap_fmap-phasediff_suffix-phasediff,4,1,,0.00667,,,60,acquisition-refaced_datatype-anat_suffix-T1w,acquisition-se_suffix-asl,acquisition-singleband_datatype-func_suffix-bold_task-rest,datatype-dwi_run-1_suffix-dwi,datatype-dwi_run-2_suffix-dwi,datatype-func_suffix-bold_task-frac2back,datatype-func_suffix-bold_task-idemo,,0,,1,j-,0.5,
dominant group,,,,datatype-func_suffix-bold_task-frac2back,1,1462,,0.032,0.000550002,datatype-fmap_fmap-phase1_suffix-phase1,90,,,,,,,,,46,,1,j-,3,0.0346501
phasediff field map,,,,datatype-func_suffix-bold_task-frac2back,2,14,,0.032,0.000550002,datatype-fmap_fmap-phasediff_suffix-phasediff,90,,,,,,,,,46,,1,j-,3,0.0346501
"phasediff, dwell time",,,,datatype-func_suffix-bold_task-frac2back,3,2,3.8E-06,0.032,0.000550002,datatype-fmap_fmap-phasediff_suffix-phasediff,90,,,,,,,,,46,,1,j-,3,0.0346501
no field map,1,,,datatype-func_suffix-bold_task-frac2back,4,32,,0.032,0.000550002,,90,,,,,,,,,46,,1,j-,3,0.0346501
dwell time,,,,datatype-func_suffix-bold_task-frac2back,5,24,3.8E-06,0.032,0.000550002,datatype-fmap_fmap-phase1_suffix-phase1,90,,,,,,,,,46,,1,j-,3,0.0346501
"no field map, dwell time",1,,,datatype-func_suffix-bold_task-frac2back,6,2,3.8E-06,0.032,0.000550002,,90,,,,,,,,,46,,1,j-,3,0.0346501
remove from study,,,,datatype-func_suffix-bold_task-go2back,1,1,,0.032,0.000550002,datatype-fmap_fmap-phasediff_suffix-phasediff,90,,,,,,,,,46,,1,j-,3,0.0346501
remove from study,,,,datatype-func_suffix-bold_task-hero,1,1,,0.03,0.000550002,datatype-fmap_fmap-phase1_suffix-phase1,72,,,,,,,,,32,,1,j-,2,0.0346501
dominant group,,,,datatype-func_suffix-bold_task-idemo,1,1456,,0.032,0.000550002,datatype-fmap_fmap-phase1_suffix-phase1,90,,,,,,,,,46,,1,j-,3,0.0346501
phasediff field map,,,,datatype-func_suffix-bold_task-idemo,2,15,,0.032,0.000550002,datatype-fmap_fmap-phasediff_suffix-phasediff,90,,,,,,,,,46,,1,j-,3,0.0346501
"phasedif, dwell time",,,,datatype-func_suffix-bold_task-idemo,3,2,3.8E-06,0.032,0.000550002,datatype-fmap_fmap-phasediff_suffix-phasediff,90,,,,,,,,,46,,1,j-,3,0.0346501
dwell time,,,,datatype-func_suffix-bold_task-idemo,4,24,3.8E-06,0.032,0.000550002,datatype-fmap_fmap-phase1_suffix-phase1,90,,,,,,,,,46,,1,j-,3,0.0346501
no field map,1,,,datatype-func_suffix-bold_task-idemo,5,30,,0.032,0.000550002,,90,,,,,,,,,46,,1,j-,3,0.0346501
"no field map, dwell time",1,,,datatype-func_suffix-bold_task-idemo,6,2,3.8E-06,0.032,0.000550002,,90,,,,,,,,,46,,1,j-,3,0.0346501
dominant group,,,,suffix-m0scan,1,217,,0.029,0.000345003,datatype-fmap_fmap-phase1_suffix-phase1,90,,,,,,,,,20,2,0.875,j-,20,0.0327753
dwell time,,,,suffix-m0scan,2,2,2.7E-06,0.029,0.000345003,datatype-fmap_fmap-phase1_suffix-phase1,90,,,,,,,,,20,2,0.875,j-,20,0.0327753
no field map,1,,,suffix-m0scan,3,1,,0.029,0.000345003,,90,,,,,,,,,20,2,0.875,j-,20,0.0327753