Notes,ManualCheck,MergeInto,RenameKeyGroup,KeyParamGroup,KeyGroup,ParamGroup,Counts,Dim1Size,Dim2Size,Dim3Size,DwellTime,EchoTime,EffectiveEchoSpacing,FieldmapKey00,FlipAngle,IntendedForKey00,IntendedForKey01,IntendedForKey02,IntendedForKey03,IntendedForKey04,IntendedForKey05,NSliceTimes,NumVolumes,Obliquity,ParallelReductionFactorInPlane,PartialFourier,PhaseEncodingDirection,RepetitionTime,TotalReadoutTime,VoxelSizeDim1,VoxelSizeDim2,VoxelSizeDim3
,,,,acquisition-100_datatype-func_suffix-bold_task-rest__1,acquisition-100_datatype-func_suffix-bold_task-rest,1,72,64,64,46,,0.032,0.000550002,datatype-fmap_fmap-phase1_suffix-phase1,90,,,,,,,46,100.0,False,,1.0,j-,3.0,0.0346501,3.0,3.0,3.0
,,,,acquisition-100_datatype-func_suffix-bold_task-rest__2,acquisition-100_datatype-func_suffix-bold_task-rest,2,3,64,64,46,3.8e-06,0.032,0.000550002,datatype-fmap_fmap-phase1_suffix-phase1,90,,,,,,,46,100.0,False,,1.0,j-,3.0,0.0346501,3.0,3.0,3.0
,,,,acquisition-100_datatype-func_suffix-bold_task-rest__3,acquisition-100_datatype-func_suffix-bold_task-rest,3,2,64,64,46,,0.032,0.000550002,,90,,,,,,,46,100.0,False,,1.0,j-,3.0,0.0346501,3.0,3.0,3.0
,,,,acquisition-refaced_datatype-anat_suffix-T1w__1,acquisition-refaced_datatype-anat_suffix-T1w,1,1566,192,256,160,,0.00351,,,9,,,,,,,0,,False,2.0,1.0,,1.81,,0.938,0.938,1.0
,,,,acquisition-refaced_datatype-anat_suffix-T1w__2,acquisition-refaced_datatype-anat_suffix-T1w,2,30,192,256,160,1.5e-05,0.00351,,,9,,,,,,,0,,False,2.0,1.0,,1.81,,0.938,0.938,1.0
,,,,acquisition-refaced_datatype-anat_suffix-T1w__3,acquisition-refaced_datatype-anat_suffix-T1w,3,2,192,256,160,,0.00351,,,9,,,,,,,0,,True,2.0,1.0,,1.81,,0.938,0.938,1.0
,,,,acquisition-refaced_datatype-anat_suffix-T1w__4,acquisition-refaced_datatype-anat_suffix-T1w,4,1,192,256,160,,0.00351,,,9,,,,,,,0,,True,2.0,1.0,,1.81,,0.937,0.938,1.0
,,,,acquisition-refaced_datatype-anat_suffix-T1w__5,acquisition-refaced_datatype-anat_suffix-T1w,5,1,192,256,160,,0.00351,,,9,,,,,,,0,,False,,1.0,,1.81,,0.938,0.938,1.0
,,,,acquisition-refaced_datatype-anat_suffix-T1w__6,acquisition-refaced_datatype-anat_suffix-T1w,6,1,192,256,160,,0.004,,,9,,,,,,,0,,False,2.0,1.0,,1.85,,0.938,0.938,1.0
,,,,acquisition-singleband_datatype-func_suffix-bold_task-rest__1,acquisition-singleband_datatype-func_suffix-bold_task-rest,1,1353,64,64,46,,0.032,0.000550002,datatype-fmap_fmap-phase1_suffix-phase1,90,,,,,,,46,124.0,False,,1.0,j-,3.0,0.0346501,3.0,3.0,3.0
,,,,acquisition-singleband_datatype-func_suffix-bold_task-rest__2,acquisition-singleband_datatype-func_suffix-bold_task-rest,2,22,64,64,46,3.8e-06,0.032,0.000550002,datatype-fmap_fmap-phase1_suffix-phase1,90,,,,,,,46,124.0,False,,1.0,j-,3.0,0.0346501,3.0,3.0,3.0
,,,,acquisition-singleband_datatype-func_suffix-bold_task-rest__3,acquisition-singleband_datatype-func_suffix-bold_task-rest,3,20,64,64,46,,0.032,0.000550002,,90,,,,,,,46,124.0,False,,1.0,j-,3.0,0.0346501,3.0,3.0,3.0
,,,,acquisition-singleband_datatype-func_suffix-bold_task-rest__4,acquisition-singleband_datatype-func_suffix-bold_task-rest,4,8,64,64,46,,0.032,0.000550002,datatype-fmap_fmap-phase1_suffix-phase1,90,,,,,,,46,204.0,False,,1.0,j-,3.0,0.0346501,3.0,3.0,3.0
,,,,acquisition-singleband_datatype-func_suffix-bold_task-rest__5,acquisition-singleband_datatype-func_suffix-bold_task-rest,5,2,64,64,46,3.8e-06,0.032,0.000550002,,90,,,,,,,46,124.0,False,,1.0,j-,3.0,0.0346501,3.0,3.0,3.0
,,,,acquisition-singleband_datatype-func_suffix-bold_task-rest__6,acquisition-singleband_datatype-func_suffix-bold_task-rest,6,1,64,64,46,,0.032,0.000550002,datatype-fmap_fmap-phase1_suffix-phase1,90,,,,,,,46,124.0,True,,1.0,j-,3.0,0.0346501,3.0,3.0,3.0
,,,,acquisition-singleband_datatype-func_suffix-bold_task-rest__7,acquisition-singleband_datatype-func_suffix-bold_task-rest,7,1,64,64,46,,0.032,0.000550002,datatype-fmap_fmap-phase1_suffix-phase1,90,,,,,,,46,97.0,False,,1.0,j-,3.0,0.0346501,3.0,3.0,3.0
,,,,acquisition-singleband_datatype-func_suffix-bold_task-rest__8,acquisition-singleband_datatype-func_suffix-bold_task-rest,8,1,64,64,46,,0.032,0.000550002,datatype-fmap_fmap-phase1_suffix-phase1,90,,,,,,,46,108.0,False,,1.0,j-,3.0,0.0346501,3.0,3.0,3.0
,,,,acquisition-singleband_datatype-func_suffix-bold_task-rest__9,acquisition-singleband_datatype-func_suffix-bold_task-rest,9,1,64,64,46,,0.032,0.000550002,datatype-fmap_fmap-phase1_suffix-phase1,90,,,,,,,46,73.0,False,,1.0,j-,3.0,0.0346501,3.0,3.0,3.0
,,,,acquisition-singleband_datatype-func_suffix-bold_task-rest__10,acquisition-singleband_datatype-func_suffix-bold_task-rest,10,1,64,64,46,,0.032,0.000550002,datatype-fmap_fmap-phase1_suffix-phase1,90,,,,,,,46,101.0,False,,1.0,j-,3.0,0.0346501,3.0,3.0,3.0
,,,,acquisition-singleband_datatype-func_suffix-bold_task-rest__11,acquisition-singleband_datatype-func_suffix-bold_task-rest,11,1,64,64,46,,0.032,0.000550002,datatype-fmap_fmap-phase1_suffix-phase1,90,,,,,,,46,86.0,False,,1.0,j-,3.0,0.0346501,3.0,3.0,3.0
,,,,acquisition-singleband_datatype-func_suffix-bold_task-rest__12,acquisition-singleband_datatype-func_suffix-bold_task-rest,12,1,64,64,46,,0.032,0.000550002,datatype-fmap_fmap-phase1_suffix-phase1,90,,,,,,,46,84.0,False,,1.0,j-,3.0,0.0346501,3.0,3.0,3.0
,,,,acquisition-singleband_datatype-func_suffix-bold_task-rest__13,acquisition-singleband_datatype-func_suffix-bold_task-rest,13,1,64,64,46,,0.032,0.000550002,datatype-fmap_fmap-phase1_suffix-phase1,90,,,,,,,46,62.0,False,,1.0,j-,3.0,0.0346501,3.0,3.0,3.0
,,,,acquisition-singleband_datatype-func_suffix-bold_task-rest__14,acquisition-singleband_datatype-func_suffix-bold_task-rest,14,1,64,64,46,,0.032,0.000550002,datatype-fmap_fmap-phase1_suffix-phase1,90,,,,,,,46,19.0,False,,1.0,j-,3.0,0.0346501,3.0,3.0,3.0
,,,,acquisition-singleband_datatype-func_suffix-bold_task-rest__15,acquisition-singleband_datatype-func_suffix-bold_task-rest,15,1,64,64,46,,0.032,0.000550002,datatype-fmap_fmap-phase1_suffix-phase1,90,,,,,,,46,22.0,False,,1.0,j-,3.0,0.0346501,3.0,3.0,3.0
,,,,acquisition-singleband_datatype-func_suffix-bold_task-rest__16,acquisition-singleband_datatype-func_suffix-bold_task-rest,16,1,64,64,46,,0.032,0.000550002,datatype-fmap_fmap-phase1_suffix-phase1,90,,,,,,,46,24.0,False,,1.0,j-,3.0,0.0346501,3.0,3.0,3.0
,,,,acquisition-singleband_datatype-func_suffix-bold_task-rest__17,acquisition-singleband_datatype-func_suffix-bold_task-rest,17,1,64,64,46,,0.032,0.000550002,datatype-fmap_fmap-phase1_suffix-phase1,90,,,,,,,46,107.0,False,,1.0,j-,3.0,0.0346501,3.0,3.0,3.0
,,,,acquisition-singleband_datatype-func_suffix-bold_task-rest__18,acquisition-singleband_datatype-func_suffix-bold_task-rest,18,1,64,64,46,,0.032,0.000550002,datatype-fmap_fmap-phase1_suffix-phase1,90,,,,,,,46,83.0,False,,1.0,j-,3.0,0.0346501,3.0,3.0,3.0
,,,,acquisition-singleband_datatype-func_suffix-bold_task-rest__19,acquisition-singleband_datatype-func_suffix-bold_task-rest,19,1,64,64,46,,0.032,0.000550002,datatype-fmap_fmap-phase1_suffix-phase1,90,,,,,,,46,29.0,False,,1.0,j-,3.0,0.0346501,3.0,3.0,3.0
,,,,acquisition-singleband_datatype-func_suffix-bold_task-rest__20,acquisition-singleband_datatype-func_suffix-bold_task-rest,20,1,64,64,46,3.8e-06,0.032,0.000550002,datatype-fmap_fmap-phase1_suffix-phase1,90,,,,,,,46,99.0,False,,1.0,j-,3.0,0.0346501,3.0,3.0,3.0
,,,,acquisition-singleband_datatype-func_suffix-bold_task-rest__21,acquisition-singleband_datatype-func_suffix-bold_task-rest,21,1,64,64,46,,0.032,0.000550002,datatype-fmap_fmap-phase1_suffix-phase1,90,,,,,,,46,37.0,False,,1.0,j-,3.0,0.0346501,3.0,3.0,3.0
,,,,acquisition-singleband_datatype-func_suffix-bold_task-rest__22,acquisition-singleband_datatype-func_suffix-bold_task-rest,22,1,64,64,46,,0.032,0.000550002,datatype-fmap_fmap-phase1_suffix-phase1,90,,,,,,,46,123.0,False,,1.0,j-,3.0,0.0346501,3.0,3.0,3.0
,,,,acquisition-singleband_datatype-func_suffix-bold_task-rest__23,acquisition-singleband_datatype-func_suffix-bold_task-rest,23,1,64,64,46,,0.032,0.000550002,datatype-fmap_fmap-phase1_suffix-phase1,90,,,,,,,46,88.0,False,,1.0,j-,3.0,0.0346501,3.0,3.0,3.0
,,,,datatype-dwi_run-1_suffix-dwi__1,datatype-dwi_run-1_suffix-dwi,1,1358,128,128,70,,0.082,0.000266666,datatype-fmap_fmap-phase1_suffix-phase1,90,,,,,,,70,35.0,False,3.0,0.75,j-,8.1,0.0338665,1.875,1.875,2.0
,,,,datatype-dwi_run-1_suffix-dwi__2,datatype-dwi_run-1_suffix-dwi,2,27,128,128,70,,0.082,0.000266666,,90,,,,,,,70,35.0,False,3.0,0.75,j-,8.1,0.0338665,1.875,1.875,2.0
,,,,datatype-dwi_run-1_suffix-dwi__3,datatype-dwi_run-1_suffix-dwi,3,20,128,128,70,1.8e-06,0.082,0.000266666,datatype-fmap_fmap-phase1_suffix-phase1,90,,,,,,,70,35.0,False,3.0,0.75,j-,8.1,0.0338665,1.875,1.875,2.0
,,,,datatype-dwi_run-1_suffix-dwi__4,datatype-dwi_run-1_suffix-dwi,4,4,128,128,70,,0.082,0.000266666,datatype-fmap_fmap-phase1_suffix-phase1,90,,,,,,,70,35.0,False,3.0,0.75,j-,8.5,0.0338665,1.875,1.875,2.0
,,,,datatype-dwi_run-1_suffix-dwi__5,datatype-dwi_run-1_suffix-dwi,5,3,128,128,70,,0.082,0.000266666,datatype-fmap_fmap-phase1_suffix-phase1,90,,,,,,,70,35.0,False,3.0,0.75,j-,8.8,0.0338665,1.875,1.875,2.0
,,,,datatype-dwi_run-1_suffix-dwi__6,datatype-dwi_run-1_suffix-dwi,6,3,128,128,70,1.8e-06,0.082,0.000266666,,90,,,,,,,70,35.0,False,3.0,0.75,j-,8.1,0.0338665,1.875,1.875,2.0
,,,,datatype-dwi_run-1_suffix-dwi__7,datatype-dwi_run-1_suffix-dwi,7,2,128,128,70,,0.082,0.000266666,datatype-fmap_fmap-phase1_suffix-phase1,90,,,,,,,70,35.0,False,3.0,0.75,j-,8.2,0.0338665,1.875,1.875,2.0
,,,,datatype-dwi_run-1_suffix-dwi__8,datatype-dwi_run-1_suffix-dwi,8,2,128,128,46,,0.082,0.000266666,datatype-fmap_fmap-phase1_suffix-phase1,90,,,,,,,46,35.0,False,3.0,0.75,j-,8.1,0.0338665,1.875,1.875,3.0
,,,,datatype-dwi_run-1_suffix-dwi__9,datatype-dwi_run-1_suffix-dwi,9,1,128,128,70,,0.082,0.000266666,datatype-fmap_fmap-phase1_suffix-phase1,90,,,,,,,70,35.0,False,3.0,0.75,j-,8.3,0.0338665,1.875,1.875,2.0
,,,,datatype-dwi_run-1_suffix-dwi__10,datatype-dwi_run-1_suffix-dwi,10,1,128,128,70,,0.082,0.000266666,,90,,,,,,,70,14.0,False,3.0,0.75,j-,8.1,0.0338665,1.875,1.875,2.0
,,,,datatype-dwi_run-1_suffix-dwi__11,datatype-dwi_run-1_suffix-dwi,11,1,128,128,70,,0.082,0.000266666,,90,,,,,,,70,20.0,False,3.0,0.75,j-,8.1,0.0338665,1.875,1.875,2.0
,,,,datatype-dwi_run-1_suffix-dwi__12,datatype-dwi_run-1_suffix-dwi,12,1,128,128,70,1.8e-06,0.082,0.000266666,datatype-fmap_fmap-phase1_suffix-phase1,90,,,,,,,70,35.0,False,3.0,0.75,j-,8.3,0.0338665,1.875,1.875,2.0
,,,,datatype-dwi_run-1_suffix-dwi__13,datatype-dwi_run-1_suffix-dwi,13,1,128,128,70,,0.082,0.000266666,datatype-fmap_fmap-phase1_suffix-phase1,90,,,,,,,70,35.0,False,3.0,0.75,j-,9.2,0.0338665,1.875,1.875,2.0
,,,,datatype-dwi_run-1_suffix-dwi__14,datatype-dwi_run-1_suffix-dwi,14,1,128,128,70,,0.082,0.000266666,datatype-fmap_fmap-phase1_suffix-phase1,90,,,,,,,70,35.0,False,3.0,0.75,j-,9.3,0.0338665,1.875,1.875,2.0
,,,,datatype-dwi_run-1_suffix-dwi__15,datatype-dwi_run-1_suffix-dwi,15,1,128,128,70,,0.082,0.000266666,datatype-fmap_fmap-phase1_suffix-phase1,90,,,,,,,70,35.0,False,3.0,0.75,j-,9.1,0.0338665,1.875,1.875,2.0
,,,,datatype-dwi_run-1_suffix-dwi__16,datatype-dwi_run-1_suffix-dwi,16,1,128,128,70,,0.082,0.000266666,datatype-fmap_fmap-phase1_suffix-phase1,90,,,,,,,70,35.0,False,3.0,0.75,j-,9.4,0.0338665,1.875,1.875,2.0
,,,,datatype-dwi_run-1_suffix-dwi__17,datatype-dwi_run-1_suffix-dwi,17,1,128,128,70,,0.082,0.000266666,,90,,,,,,,70,6.0,False,3.0,0.75,j-,8.1,0.0338665,1.875,1.875,2.0
,,,,datatype-dwi_run-1_suffix-dwi__18,datatype-dwi_run-1_suffix-dwi,18,1,128,128,70,,0.082,0.000266666,datatype-fmap_fmap-phase1_suffix-phase1,90,,,,,,,70,33.0,False,3.0,0.75,j-,8.1,0.0338665,1.875,1.875,2.0
,,,,datatype-dwi_run-1_suffix-dwi__19,datatype-dwi_run-1_suffix-dwi,19,1,128,128,70,,0.082,0.000266666,datatype-fmap_fmap-phase1_suffix-phase1,90,,,,,,,70,21.0,False,3.0,0.75,j-,8.1,0.0338665,1.875,1.875,2.0
,,,,datatype-dwi_run-1_suffix-dwi__20,datatype-dwi_run-1_suffix-dwi,20,1,128,128,70,,0.082,0.000266666,datatype-fmap_fmap-phase1_suffix-phase1,90,,,,,,,70,35.0,True,3.0,0.75,j-,8.1,0.0338665,1.875,1.875,2.0
,,,,datatype-dwi_run-1_suffix-dwi__21,datatype-dwi_run-1_suffix-dwi,21,1,128,128,70,,0.082,0.000266666,,90,,,,,,,70,7.0,False,3.0,0.75,j-,8.1,0.0338665,1.875,1.875,2.0
,,,,datatype-dwi_run-1_suffix-dwi__22,datatype-dwi_run-1_suffix-dwi,22,1,128,128,70,,0.102,0.000799969,datatype-fmap_fmap-phase1_suffix-phase1,90,,,,,,,70,35.0,False,,0.75,j-,12.3,0.101596,1.875,1.875,2.0
,,,,datatype-dwi_run-1_suffix-dwi__23,datatype-dwi_run-1_suffix-dwi,23,1,128,128,70,,0.082,0.000266666,datatype-fmap_fmap-phase1_suffix-phase1,90,,,,,,,70,35.0,False,3.0,0.75,j-,8.4,0.0338665,1.875,1.875,2.0
,,,,datatype-dwi_run-1_suffix-dwi__24,datatype-dwi_run-1_suffix-dwi,24,1,128,128,70,,0.082,0.000266666,datatype-fmap_fmap-phase1_suffix-phase1,90,,,,,,,70,35.0,False,3.0,0.75,j-,9.8,0.0338665,1.875,1.875,2.0
,,,,datatype-dwi_run-1_suffix-dwi__25,datatype-dwi_run-1_suffix-dwi,25,1,128,128,70,,0.082,0.000266666,datatype-fmap_fmap-phase1_suffix-phase1,90,,,,,,,70,35.0,False,3.0,0.75,j-,9.0,0.0338665,1.875,1.875,2.0
,,,,datatype-dwi_run-1_suffix-dwi__26,datatype-dwi_run-1_suffix-dwi,26,1,128,128,70,1.8e-06,0.082,0.000266666,datatype-fmap_fmap-phase1_suffix-phase1,90,,,,,,,70,16.0,False,3.0,0.75,j-,8.1,0.0338665,1.875,1.875,2.0
,,,,datatype-dwi_run-1_suffix-dwi__27,datatype-dwi_run-1_suffix-dwi,27,1,128,128,70,,0.082,0.000266666,datatype-fmap_fmap-phase1_suffix-phase1,90,,,,,,,70,35.0,False,3.0,0.75,j-,8.6,0.0338665,1.875,1.875,2.0
,,,,datatype-dwi_run-2_suffix-dwi__1,datatype-dwi_run-2_suffix-dwi,1,1351,128,128,70,,0.082,0.000266666,datatype-fmap_fmap-phase1_suffix-phase1,90,,,,,,,70,36.0,False,3.0,0.75,j-,8.1,0.0338665,1.875,1.875,2.0
,,,,datatype-dwi_run-2_suffix-dwi__2,datatype-dwi_run-2_suffix-dwi,2,22,128,128,70,,0.082,0.000266666,,90,,,,,,,70,36.0,False,3.0,0.75,j-,8.1,0.0338665,1.875,1.875,2.0
,,,,datatype-dwi_run-2_suffix-dwi__3,datatype-dwi_run-2_suffix-dwi,3,19,128,128,70,1.8e-06,0.082,0.000266666,datatype-fmap_fmap-phase1_suffix-phase1,90,,,,,,,70,36.0,False,3.0,0.75,j-,8.1,0.0338665,1.875,1.875,2.0
,,,,datatype-dwi_run-2_suffix-dwi__4,datatype-dwi_run-2_suffix-dwi,4,4,128,128,70,,0.082,0.000266666,datatype-fmap_fmap-phase1_suffix-phase1,90,,,,,,,70,36.0,False,3.0,0.75,j-,8.5,0.0338665,1.875,1.875,2.0
,,,,datatype-dwi_run-2_suffix-dwi__5,datatype-dwi_run-2_suffix-dwi,5,3,128,128,70,,0.082,0.000266666,datatype-fmap_fmap-phase1_suffix-phase1,90,,,,,,,70,36.0,False,3.0,0.75,j-,8.8,0.0338665,1.875,1.875,2.0
,,,,datatype-dwi_run-2_suffix-dwi__6,datatype-dwi_run-2_suffix-dwi,6,2,128,128,46,,0.082,0.000266666,datatype-fmap_fmap-phase1_suffix-phase1,90,,,,,,,46,36.0,False,3.0,0.75,j-,8.1,0.0338665,1.875,1.875,3.0
,,,,datatype-dwi_run-2_suffix-dwi__7,datatype-dwi_run-2_suffix-dwi,7,2,128,128,70,,0.082,0.000266666,datatype-fmap_fmap-phase1_suffix-phase1,90,,,,,,,70,36.0,False,3.0,0.75,j-,8.2,0.0338665,1.875,1.875,2.0
,,,,datatype-dwi_run-2_suffix-dwi__8,datatype-dwi_run-2_suffix-dwi,8,2,128,128,70,1.8e-06,0.082,0.000266666,,90,,,,,,,70,36.0,False,3.0,0.75,j-,8.1,0.0338665,1.875,1.875,2.0
,,,,datatype-dwi_run-2_suffix-dwi__9,datatype-dwi_run-2_suffix-dwi,9,1,128,128,70,,0.082,0.000266666,,90,,,,,,,70,30.0,False,3.0,0.75,j-,8.1,0.0338665,1.875,1.875,2.0
,,,,datatype-dwi_run-2_suffix-dwi__10,datatype-dwi_run-2_suffix-dwi,10,1,128,128,70,,0.082,0.000266666,datatype-fmap_fmap-phase1_suffix-phase1,90,,,,,,,70,36.0,False,3.0,0.75,j-,8.3,0.0338665,1.875,1.875,2.0
,,,,datatype-dwi_run-2_suffix-dwi__11,datatype-dwi_run-2_suffix-dwi,11,1,128,128,70,,0.082,0.000266666,,90,,,,,,,70,4.0,False,3.0,0.75,j-,8.1,0.0338665,1.875,1.875,2.0
,,,,datatype-dwi_run-2_suffix-dwi__12,datatype-dwi_run-2_suffix-dwi,12,1,128,128,70,,0.082,0.000266666,datatype-fmap_fmap-phase1_suffix-phase1,90,,,,,,,70,36.0,False,3.0,0.75,j-,8.4,0.0338665,1.875,1.875,2.0
,,,,datatype-dwi_run-2_suffix-dwi__13,datatype-dwi_run-2_suffix-dwi,13,1,128,128,70,,0.082,0.000266666,datatype-fmap_fmap-phase1_suffix-phase1,90,,,,,,,70,36.0,False,3.0,0.75,j-,9.8,0.0338665,1.875,1.875,2.0
,,,,datatype-dwi_run-2_suffix-dwi__14,datatype-dwi_run-2_suffix-dwi,14,1,128,128,70,,0.082,0.000266666,datatype-fmap_fmap-phase1_suffix-phase1,90,,,,,,,70,36.0,False,3.0,0.75,j-,9.0,0.0338665,1.875,1.875,2.0
,,,,datatype-dwi_run-2_suffix-dwi__15,datatype-dwi_run-2_suffix-dwi,15,1,128,128,70,1.8e-06,0.082,0.000266666,,90,,,,,,,70,12.0,False,3.0,0.75,j-,8.1,0.0338665,1.875,1.875,2.0
,,,,datatype-dwi_run-2_suffix-dwi__16,datatype-dwi_run-2_suffix-dwi,16,1,128,128,70,,0.082,0.000266666,datatype-fmap_fmap-phase1_suffix-phase1,90,,,,,,,70,36.0,True,3.0,0.75,j-,8.1,0.0338665,1.875,1.875,2.0
,,,,datatype-dwi_run-2_suffix-dwi__17,datatype-dwi_run-2_suffix-dwi,17,1,128,128,70,,0.082,0.000266666,datatype-fmap_fmap-phase1_suffix-phase1,90,,,,,,,70,36.0,False,3.0,0.75,j-,9.1,0.0338665,1.875,1.875,2.0
,,,,datatype-dwi_run-2_suffix-dwi__18,datatype-dwi_run-2_suffix-dwi,18,1,128,128,70,,0.082,0.000266666,datatype-fmap_fmap-phase1_suffix-phase1,90,,,,,,,70,36.0,False,3.0,0.75,j-,9.3,0.0338665,1.875,1.875,2.0
,,,,datatype-dwi_run-2_suffix-dwi__19,datatype-dwi_run-2_suffix-dwi,19,1,128,128,70,,0.082,0.000266666,datatype-fmap_fmap-phase1_suffix-phase1,90,,,,,,,70,36.0,False,3.0,0.75,j-,9.2,0.0338665,1.875,1.875,2.0
,,,,datatype-dwi_run-2_suffix-dwi__20,datatype-dwi_run-2_suffix-dwi,20,1,128,128,70,1.8e-06,0.082,0.000266666,datatype-fmap_fmap-phase1_suffix-phase1,90,,,,,,,70,36.0,False,3.0,0.75,j-,8.3,0.0338665,1.875,1.875,2.0
,,,,datatype-dwi_run-2_suffix-dwi__21,datatype-dwi_run-2_suffix-dwi,21,1,128,128,70,,0.082,0.000266666,,90,,,,,,,70,32.0,False,3.0,0.75,j-,8.1,0.0338665,1.875,1.875,2.0
,,,,datatype-dwi_run-2_suffix-dwi__22,datatype-dwi_run-2_suffix-dwi,22,1,128,128,70,,0.082,0.000266666,,90,,,,,,,70,8.0,False,3.0,0.75,j-,8.1,0.0338665,1.875,1.875,2.0
,,,,datatype-dwi_run-2_suffix-dwi__23,datatype-dwi_run-2_suffix-dwi,23,1,128,128,70,,0.082,0.000266666,datatype-fmap_fmap-phase1_suffix-phase1,90,,,,,,,70,36.0,False,3.0,0.75,j-,8.6,0.0338665,1.875,1.875,2.0
,,,,datatype-fmap_fmap-magnitude1_suffix-magnitude1__1,datatype-fmap_fmap-magnitude1_suffix-magnitude1,1,1249,64,64,44,,0.00269,,,60,acquisition-singleband_datatype-func_suffix-bold_task-rest,datatype-dwi_run-1_suffix-dwi,datatype-dwi_run-2_suffix-dwi,datatype-func_suffix-bold_task-frac2back,datatype-func_suffix-bold_task-idemo,,0,,False,,1.0,j-,1.0,,3.75,3.75,4.0
,,,,datatype-fmap_fmap-magnitude1_suffix-magnitude1__2,datatype-fmap_fmap-magnitude1_suffix-magnitude1,2,70,64,64,44,,0.00269,,,60,acquisition-100_datatype-func_suffix-bold_task-rest,acquisition-singleband_datatype-func_suffix-bold_task-rest,datatype-dwi_run-1_suffix-dwi,datatype-dwi_run-2_suffix-dwi,datatype-func_suffix-bold_task-frac2back,datatype-func_suffix-bold_task-idemo,0,,False,,1.0,j-,1.0,,3.75,3.75,4.0
,,,,datatype-fmap_fmap-magnitude1_suffix-magnitude1__3,datatype-fmap_fmap-magnitude1_suffix-magnitude1,3,45,64,64,44,,0.00269,,,60,datatype-func_suffix-bold_task-frac2back,datatype-func_suffix-bold_task-idemo,,,,,0,,False,,1.0,j-,1.0,,3.75,3.75,4.0
,,,,datatype-fmap_fmap-magnitude1_suffix-magnitude1__4,datatype-fmap_fmap-magnitude1_suffix-magnitude1,4,24,64,64,44,,0.00269,,,60,acquisition-singleband_datatype-func_suffix-bold_task-rest,datatype-func_suffix-bold_task-frac2back,datatype-func_suffix-bold_task-idemo,,,,0,,False,,1.0,j-,1.0,,3.75,3.75,4.0
,,,,datatype-fmap_fmap-magnitude1_suffix-magnitude1__5,datatype-fmap_fmap-magnitude1_suffix-magnitude1,5,17,64,64,44,,0.00269,,,60,datatype-dwi_run-1_suffix-dwi,datatype-dwi_run-2_suffix-dwi,datatype-func_suffix-bold_task-frac2back,datatype-func_suffix-bold_task-idemo,,,0,,False,,1.0,j-,1.0,,3.75,3.75,4.0
,,,,datatype-fmap_fmap-magnitude1_suffix-magnitude1__6,datatype-fmap_fmap-magnitude1_suffix-magnitude1,6,17,64,64,44,,0.00269,,,60,datatype-func_suffix-bold_task-frac2back,,,,,,0,,False,,1.0,j-,1.0,,3.75,3.75,4.0
,,,,datatype-fmap_fmap-magnitude1_suffix-magnitude1__7,datatype-fmap_fmap-magnitude1_suffix-magnitude1,7,16,64,64,44,1.56e-05,0.00269,,,60,acquisition-singleband_datatype-func_suffix-bold_task-rest,datatype-dwi_run-1_suffix-dwi,datatype-dwi_run-2_suffix-dwi,datatype-func_suffix-bold_task-frac2back,datatype-func_suffix-bold_task-idemo,,0,,False,,1.0,j-,1.0,,3.75,3.75,4.0
,,,,datatype-fmap_fmap-magnitude1_suffix-magnitude1__8,datatype-fmap_fmap-magnitude1_suffix-magnitude1,8,14,64,64,44,,0.00269,,,60,datatype-func_suffix-bold_task-idemo,,,,,,0,,False,,1.0,j-,1.0,,3.75,3.75,4.0
,,,,datatype-fmap_fmap-magnitude1_suffix-magnitude1__9,datatype-fmap_fmap-magnitude1_suffix-magnitude1,9,8,64,64,44,,0.00269,,,60,acquisition-singleband_datatype-func_suffix-bold_task-rest,datatype-dwi_run-1_suffix-dwi,datatype-func_suffix-bold_task-frac2back,datatype-func_suffix-bold_task-idemo,,,0,,False,,1.0,j-,1.0,,3.75,3.75,4.0
,,,,datatype-fmap_fmap-magnitude1_suffix-magnitude1__10,datatype-fmap_fmap-magnitude1_suffix-magnitude1,10,6,64,64,44,,0.00269,,,60,acquisition-gre_suffix-asl,acquisition-singleband_datatype-func_suffix-bold_task-rest,datatype-dwi_run-1_suffix-dwi,datatype-dwi_run-2_suffix-dwi,datatype-func_suffix-bold_task-frac2back,datatype-func_suffix-bold_task-idemo,0,,False,,1.0,j-,1.0,,3.75,3.75,4.0
,,,,datatype-fmap_fmap-magnitude1_suffix-magnitude1__11,datatype-fmap_fmap-magnitude1_suffix-magnitude1,11,5,64,64,44,,0.00269,,,60,acquisition-singleband_datatype-func_suffix-bold_task-rest,datatype-dwi_run-1_suffix-dwi,datatype-dwi_run-2_suffix-dwi,datatype-func_suffix-bold_task-frac2back,datatype-func_suffix-bold_task-idemo,suffix-m0scan,0,,False,,1.0,j-,1.0,,3.75,3.75,4.0
,,,,datatype-fmap_fmap-magnitude1_suffix-magnitude1__12,datatype-fmap_fmap-magnitude1_suffix-magnitude1,12,4,64,64,44,,0.00269,,,60,datatype-dwi_run-1_suffix-dwi,datatype-dwi_run-2_suffix-dwi,datatype-func_suffix-bold_task-frac2back,,,,0,,False,,1.0,j-,1.0,,3.75,3.75,4.0
,,,,datatype-fmap_fmap-magnitude1_suffix-magnitude1__13,datatype-fmap_fmap-magnitude1_suffix-magnitude1,13,4,64,64,44,,0.00269,,,60,datatype-dwi_run-1_suffix-dwi,datatype-dwi_run-2_suffix-dwi,,,,,0,,False,,1.0,j-,1.0,,3.75,3.75,4.0
,,,,datatype-fmap_fmap-magnitude1_suffix-magnitude1__14,datatype-fmap_fmap-magnitude1_suffix-magnitude1,14,3,64,64,44,,0.00269,,,60,acquisition-se_suffix-asl,acquisition-singleband_datatype-func_suffix-bold_task-rest,datatype-dwi_run-1_suffix-dwi,datatype-dwi_run-2_suffix-dwi,datatype-func_suffix-bold_task-frac2back,datatype-func_suffix-bold_task-idemo,0,,False,,1.0,j-,1.0,,3.75,3.75,4.0
,,,,datatype-fmap_fmap-magnitude1_suffix-magnitude1__15,datatype-fmap_fmap-magnitude1_suffix-magnitude1,15,3,64,64,44,1.56e-05,0.00269,,,60,acquisition-100_datatype-func_suffix-bold_task-rest,acquisition-singleband_datatype-func_suffix-bold_task-rest,datatype-dwi_run-1_suffix-dwi,datatype-dwi_run-2_suffix-dwi,datatype-func_suffix-bold_task-frac2back,datatype-func_suffix-bold_task-idemo,0,,False,,1.0,j-,1.0,,3.75,3.75,4.0
,,,,datatype-fmap_fmap-magnitude1_suffix-magnitude1__16,datatype-fmap_fmap-magnitude1_suffix-magnitude1,16,2,64,64,46,,0.00269,,,60,acquisition-singleband_datatype-func_suffix-bold_task-rest,datatype-dwi_run-1_suffix-dwi,datatype-dwi_run-2_suffix-dwi,datatype-func_suffix-bold_task-frac2back,datatype-func_suffix-bold_task-idemo,,0,,False,,1.0,j-,1.0,,3.0,3.0,3.0
,,,,datatype-fmap_fmap-magnitude1_suffix-magnitude1__17,datatype-fmap_fmap-magnitude1_suffix-magnitude1,17,2,64,64,44,,0.00269,,,60,datatype-dwi_run-1_suffix-dwi,datatype-dwi_run-2_suffix-dwi,datatype-func_suffix-bold_task-idemo,,,,0,,False,,1.0,j-,1.0,,3.75,3.75,4.0
,,,,datatype-fmap_fmap-magnitude1_suffix-magnitude1__18,datatype-fmap_fmap-magnitude1_suffix-magnitude1,18,2,64,64,44,,0.00269,,,60,,,,,,,0,,False,,1.0,j-,1.0,,3.75,3.75,4.0
,,,,datatype-fmap_fmap-magnitude1_suffix-magnitude1__19,datatype-fmap_fmap-magnitude1_suffix-magnitude1,19,2,64,64,44,,0.00269,,,60,acquisition-singleband_datatype-func_suffix-bold_task-rest,datatype-dwi_run-1_suffix-dwi,datatype-dwi_run-2_suffix-dwi,datatype-func_suffix-bold_task-frac2back,,,0,,False,,1.0,j-,1.0,,3.75,3.75,4.0
,,,,datatype-fmap_fmap-magnitude1_suffix-magnitude1__20,datatype-fmap_fmap-magnitude1_suffix-magnitude1,20,2,64,64,44,,0.00269,,,60,acquisition-singleband_datatype-func_suffix-bold_task-rest,datatype-dwi_run-1_suffix-dwi,datatype-dwi_run-2_suffix-dwi,datatype-func_suffix-bold_task-idemo,,,0,,False,,1.0,j-,1.0,,3.75,3.75,4.0
,,,,datatype-fmap_fmap-magnitude1_suffix-magnitude1__21,datatype-fmap_fmap-magnitude1_suffix-magnitude1,21,2,64,64,44,,0.00269,,,60,datatype-func_suffix-bold_task-frac2back,datatype-func_suffix-bold_task-idemo,suffix-m0scan,,,,0,,False,,1.0,j-,1.0,,3.75,3.75,4.0
,,,,datatype-fmap_fmap-magnitude1_suffix-magnitude1__22,datatype-fmap_fmap-magnitude1_suffix-magnitude1,22,2,64,64,44,1.56e-05,0.00269,,,60,acquisition-singleband_datatype-func_suffix-bold_task-rest,datatype-func_suffix-bold_task-frac2back,datatype-func_suffix-bold_task-idemo,,,,0,,False,,1.0,j-,1.0,,3.75,3.75,4.0
,,,,datatype-fmap_fmap-magnitude1_suffix-magnitude1__23,datatype-fmap_fmap-magnitude1_suffix-magnitude1,23,2,64,64,44,,0.00269,,,60,datatype-dwi_run-1_suffix-dwi,datatype-func_suffix-bold_task-frac2back,datatype-func_suffix-bold_task-idemo,,,,0,,False,,1.0,j-,1.0,,3.75,3.75,4.0
,,,,datatype-fmap_fmap-magnitude1_suffix-magnitude1__24,datatype-fmap_fmap-magnitude1_suffix-magnitude1,24,1,64,64,44,,0.00269,,,60,acquisition-100_datatype-func_suffix-bold_task-rest,acquisition-singleband_datatype-func_suffix-bold_task-rest,datatype-dwi_run-1_suffix-dwi,datatype-func_suffix-bold_task-frac2back,datatype-func_suffix-bold_task-idemo,,0,,False,,1.0,j-,1.0,,3.75,3.75,4.0
,,,,datatype-fmap_fmap-magnitude1_suffix-magnitude1__25,datatype-fmap_fmap-magnitude1_suffix-magnitude1,25,1,64,64,44,1.56e-05,0.00269,,,60,acquisition-se_suffix-asl,acquisition-singleband_datatype-func_suffix-bold_task-rest,datatype-dwi_run-1_suffix-dwi,datatype-dwi_run-2_suffix-dwi,datatype-func_suffix-bold_task-frac2back,datatype-func_suffix-bold_task-idemo,0,,False,,1.0,j-,1.0,,3.75,3.75,4.0
,,,,datatype-fmap_fmap-magnitude1_suffix-magnitude1__26,datatype-fmap_fmap-magnitude1_suffix-magnitude1,26,1,64,64,44,1.56e-05,0.00269,,,60,datatype-dwi_run-1_suffix-dwi,datatype-func_suffix-bold_task-frac2back,datatype-func_suffix-bold_task-idemo,,,,0,,False,,1.0,j-,1.0,,3.75,3.75,4.0
,,,,datatype-fmap_fmap-magnitude1_suffix-magnitude1__27,datatype-fmap_fmap-magnitude1_suffix-magnitude1,27,1,64,64,46,,0.00269,,,60,acquisition-singleband_datatype-func_suffix-bold_task-rest,datatype-dwi_run-1_suffix-dwi,datatype-dwi_run-2_suffix-dwi,datatype-func_suffix-bold_task-frac2back,datatype-func_suffix-bold_task-idemo,,0,,False,,1.0,j-,1.0,,3.75,3.75,3.0
,,,,datatype-fmap_fmap-magnitude1_suffix-magnitude1__28,datatype-fmap_fmap-magnitude1_suffix-magnitude1,28,1,64,64,44,,0.00269,,,60,acquisition-singleband_datatype-func_suffix-bold_task-rest,datatype-dwi_run-1_suffix-dwi,datatype-dwi_run-2_suffix-dwi,,,,0,,False,,1.0,j-,1.0,,3.75,3.75,4.0
,,,,datatype-fmap_fmap-magnitude1_suffix-magnitude1__29,datatype-fmap_fmap-magnitude1_suffix-magnitude1,29,1,64,64,46,,0.00269,,,60,datatype-dwi_run-1_suffix-dwi,datatype-dwi_run-2_suffix-dwi,,,,,0,,False,,1.0,j-,1.0,,3.75,3.75,3.0
,,,,datatype-fmap_fmap-magnitude1_suffix-magnitude1__30,datatype-fmap_fmap-magnitude1_suffix-magnitude1,30,1,64,64,44,,0.00269,,,60,suffix-m0scan,,,,,,0,,False,,1.0,j-,1.0,,3.75,3.75,4.0
,,,,datatype-fmap_fmap-magnitude1_suffix-magnitude1__31,datatype-fmap_fmap-magnitude1_suffix-magnitude1,31,1,64,64,44,,0.00269,,,60,acquisition-singleband_datatype-func_suffix-bold_task-rest,datatype-dwi_run-1_suffix-dwi,datatype-dwi_run-2_suffix-dwi,datatype-func_suffix-bold_task-frac2back,datatype-func_suffix-bold_task-idemo,,0,,True,,1.0,j-,1.0,,3.75,3.75,4.0
,,,,datatype-fmap_fmap-magnitude1_suffix-magnitude1__32,datatype-fmap_fmap-magnitude1_suffix-magnitude1,32,1,64,64,44,,0.00269,,,60,acquisition-singleband_datatype-func_suffix-bold_task-rest,datatype-dwi_run-1_suffix-dwi,datatype-dwi_run-2_suffix-dwi,datatype-func_suffix-bold_task-frac2back,datatype-func_suffix-bold_task-hero,datatype-func_suffix-bold_task-idemo,0,,False,,1.0,j-,1.0,,3.75,3.75,4.0
,,,,datatype-fmap_fmap-magnitude1_suffix-magnitude1__33,datatype-fmap_fmap-magnitude1_suffix-magnitude1,33,1,64,64,44,,0.00269,,,60,acquisition-100_datatype-func_suffix-bold_task-rest,acquisition-singleband_datatype-func_suffix-bold_task-rest,datatype-func_suffix-bold_task-frac2back,datatype-func_suffix-bold_task-idemo,,,0,,False,,1.0,j-,1.0,,3.75,3.75,4.0
,,,,datatype-fmap_fmap-magnitude1_suffix-magnitude1__34,datatype-fmap_fmap-magnitude1_suffix-magnitude1,34,1,64,64,44,,0.00269,,,60,acquisition-singleband_datatype-func_suffix-bold_task-rest,datatype-func_suffix-bold_task-frac2back,,,,,0,,False,,1.0,j-,1.0,,3.75,3.75,4.0
,,,,datatype-fmap_fmap-magnitude1_suffix-magnitude1__35,datatype-fmap_fmap-magnitude1_suffix-magnitude1,35,1,64,64,44,1.56e-05,0.00269,,,60,acquisition-singleband_datatype-func_suffix-bold_task-rest,datatype-dwi_run-1_suffix-dwi,datatype-func_suffix-bold_task-frac2back,datatype-func_suffix-bold_task-idemo,,,0,,False,,1.0,j-,1.0,,3.75,3.75,4.0
,,,,datatype-fmap_fmap-magnitude2_suffix-magnitude2__1,datatype-fmap_fmap-magnitude2_suffix-magnitude2,1,1249,64,64,44,,0.00527,,,60,acquisition-singleband_datatype-func_suffix-bold_task-rest,datatype-dwi_run-1_suffix-dwi,datatype-dwi_run-2_suffix-dwi,datatype-func_suffix-bold_task-frac2back,datatype-func_suffix-bold_task-idemo,,0,,False,,1.0,j-,1.0,,3.75,3.75,4.0
,,,,datatype-fmap_fmap-magnitude2_suffix-magnitude2__2,datatype-fmap_fmap-magnitude2_suffix-magnitude2,2,70,64,64,44,,0.00527,,,60,acquisition-100_datatype-func_suffix-bold_task-rest,acquisition-singleband_datatype-func_suffix-bold_task-rest,datatype-dwi_run-1_suffix-dwi,datatype-dwi_run-2_suffix-dwi,datatype-func_suffix-bold_task-frac2back,datatype-func_suffix-bold_task-idemo,0,,False,,1.0,j-,1.0,,3.75,3.75,4.0
,,,,datatype-fmap_fmap-magnitude2_suffix-magnitude2__3,datatype-fmap_fmap-magnitude2_suffix-magnitude2,3,45,64,64,44,,0.00527,,,60,datatype-func_suffix-bold_task-frac2back,datatype-func_suffix-bold_task-idemo,,,,,0,,False,,1.0,j-,1.0,,3.75,3.75,4.0
,,,,datatype-fmap_fmap-magnitude2_suffix-magnitude2__4,datatype-fmap_fmap-magnitude2_suffix-magnitude2,4,24,64,64,44,,0.00527,,,60,acquisition-singleband_datatype-func_suffix-bold_task-rest,datatype-func_suffix-bold_task-frac2back,datatype-func_suffix-bold_task-idemo,,,,0,,False,,1.0,j-,1.0,,3.75,3.75,4.0
,,,,datatype-fmap_fmap-magnitude2_suffix-magnitude2__5,datatype-fmap_fmap-magnitude2_suffix-magnitude2,5,17,64,64,44,,0.00527,,,60,datatype-dwi_run-1_suffix-dwi,datatype-dwi_run-2_suffix-dwi,datatype-func_suffix-bold_task-frac2back,datatype-func_suffix-bold_task-idemo,,,0,,False,,1.0,j-,1.0,,3.75,3.75,4.0
,,,,datatype-fmap_fmap-magnitude2_suffix-magnitude2__6,datatype-fmap_fmap-magnitude2_suffix-magnitude2,6,17,64,64,44,,0.00527,,,60,datatype-func_suffix-bold_task-frac2back,,,,,,0,,False,,1.0,j-,1.0,,3.75,3.75,4.0
,,,,datatype-fmap_fmap-magnitude2_suffix-magnitude2__7,datatype-fmap_fmap-magnitude2_suffix-magnitude2,7,16,64,64,44,1.56e-05,0.00527,,,60,acquisition-singleband_datatype-func_suffix-bold_task-rest,datatype-dwi_run-1_suffix-dwi,datatype-dwi_run-2_suffix-dwi,datatype-func_suffix-bold_task-frac2back,datatype-func_suffix-bold_task-idemo,,0,,False,,1.0,j-,1.0,,3.75,3.75,4.0
,,,,datatype-fmap_fmap-magnitude2_suffix-magnitude2__8,datatype-fmap_fmap-magnitude2_suffix-magnitude2,8,14,64,64,44,,0.00527,,,60,datatype-func_suffix-bold_task-idemo,,,,,,0,,False,,1.0,j-,1.0,,3.75,3.75,4.0
,,,,datatype-fmap_fmap-magnitude2_suffix-magnitude2__9,datatype-fmap_fmap-magnitude2_suffix-magnitude2,9,8,64,64,44,,0.00527,,,60,acquisition-singleband_datatype-func_suffix-bold_task-rest,datatype-dwi_run-1_suffix-dwi,datatype-func_suffix-bold_task-frac2back,datatype-func_suffix-bold_task-idemo,,,0,,False,,1.0,j-,1.0,,3.75,3.75,4.0
,,,,datatype-fmap_fmap-magnitude2_suffix-magnitude2__10,datatype-fmap_fmap-magnitude2_suffix-magnitude2,10,6,64,64,44,,0.00527,,,60,acquisition-gre_suffix-asl,acquisition-singleband_datatype-func_suffix-bold_task-rest,datatype-dwi_run-1_suffix-dwi,datatype-dwi_run-2_suffix-dwi,datatype-func_suffix-bold_task-frac2back,datatype-func_suffix-bold_task-idemo,0,,False,,1.0,j-,1.0,,3.75,3.75,4.0
,,,,datatype-fmap_fmap-magnitude2_suffix-magnitude2__11,datatype-fmap_fmap-magnitude2_suffix-magnitude2,11,5,64,64,44,,0.00527,,,60,acquisition-singleband_datatype-func_suffix-bold_task-rest,datatype-dwi_run-1_suffix-dwi,datatype-dwi_run-2_suffix-dwi,datatype-func_suffix-bold_task-frac2back,datatype-func_suffix-bold_task-idemo,suffix-m0scan,0,,False,,1.0,j-,1.0,,3.75,3.75,4.0
,,,,datatype-fmap_fmap-magnitude2_suffix-magnitude2__12,datatype-fmap_fmap-magnitude2_suffix-magnitude2,12,4,64,64,44,,0.00527,,,60,datatype-dwi_run-1_suffix-dwi,datatype-dwi_run-2_suffix-dwi,datatype-func_suffix-bold_task-frac2back,,,,0,,False,,1.0,j-,1.0,,3.75,3.75,4.0
,,,,datatype-fmap_fmap-magnitude2_suffix-magnitude2__13,datatype-fmap_fmap-magnitude2_suffix-magnitude2,13,4,64,64,44,,0.00527,,,60,datatype-dwi_run-1_suffix-dwi,datatype-dwi_run-2_suffix-dwi,,,,,0,,False,,1.0,j-,1.0,,3.75,3.75,4.0
,,,,datatype-fmap_fmap-magnitude2_suffix-magnitude2__14,datatype-fmap_fmap-magnitude2_suffix-magnitude2,14,3,64,64,44,,0.00527,,,60,acquisition-se_suffix-asl,acquisition-singleband_datatype-func_suffix-bold_task-rest,datatype-dwi_run-1_suffix-dwi,datatype-dwi_run-2_suffix-dwi,datatype-func_suffix-bold_task-frac2back,datatype-func_suffix-bold_task-idemo,0,,False,,1.0,j-,1.0,,3.75,3.75,4.0
,,,,datatype-fmap_fmap-magnitude2_suffix-magnitude2__15,datatype-fmap_fmap-magnitude2_suffix-magnitude2,15,3,64,64,44,1.56e-05,0.00527,,,60,acquisition-100_datatype-func_suffix-bold_task-rest,acquisition-singleband_datatype-func_suffix-bold_task-rest,datatype-dwi_run-1_suffix-dwi,datatype-dwi_run-2_suffix-dwi,datatype-func_suffix-bold_task-frac2back,datatype-func_suffix-bold_task-idemo,0,,False,,1.0,j-,1.0,,3.75,3.75,4.0
,,,,datatype-fmap_fmap-magnitude2_suffix-magnitude2__16,datatype-fmap_fmap-magnitude2_suffix-magnitude2,16,2,64,64,46,,0.00527,,,60,acquisition-singleband_datatype-func_suffix-bold_task-rest,datatype-dwi_run-1_suffix-dwi,datatype-dwi_run-2_suffix-dwi,datatype-func_suffix-bold_task-frac2back,datatype-func_suffix-bold_task-idemo,,0,,False,,1.0,j-,1.0,,3.0,3.0,3.0
,,,,datatype-fmap_fmap-magnitude2_suffix-magnitude2__17,datatype-fmap_fmap-magnitude2_suffix-magnitude2,17,2,64,64,44,,0.00527,,,60,datatype-dwi_run-1_suffix-dwi,datatype-dwi_run-2_suffix-dwi,datatype-func_suffix-bold_task-idemo,,,,0,,False,,1.0,j-,1.0,,3.75,3.75,4.0
,,,,datatype-fmap_fmap-magnitude2_suffix-magnitude2__18,datatype-fmap_fmap-magnitude2_suffix-magnitude2,18,2,64,64,44,,0.00527,,,60,,,,,,,0,,False,,1.0,j-,1.0,,3.75,3.75,4.0
,,,,datatype-fmap_fmap-magnitude2_suffix-magnitude2__19,datatype-fmap_fmap-magnitude2_suffix-magnitude2,19,2,64,64,44,,0.00527,,,60,acquisition-singleband_datatype-func_suffix-bold_task-rest,datatype-dwi_run-1_suffix-dwi,datatype-dwi_run-2_suffix-dwi,datatype-func_suffix-bold_task-frac2back,,,0,,False,,1.0,j-,1.0,,3.75,3.75,4.0
,,,,datatype-fmap_fmap-magnitude2_suffix-magnitude2__20,datatype-fmap_fmap-magnitude2_suffix-magnitude2,20,2,64,64,44,,0.00527,,,60,acquisition-singleband_datatype-func_suffix-bold_task-rest,datatype-dwi_run-1_suffix-dwi,datatype-dwi_run-2_suffix-dwi,datatype-func_suffix-bold_task-idemo,,,0,,False,,1.0,j-,1.0,,3.75,3.75,4.0
,,,,datatype-fmap_fmap-magnitude2_suffix-magnitude2__21,datatype-fmap_fmap-magnitude2_suffix-magnitude2,21,2,64,64,44,,0.00527,,,60,datatype-func_suffix-bold_task-frac2back,datatype-func_suffix-bold_task-idemo,suffix-m0scan,,,,0,,False,,1.0,j-,1.0,,3.75,3.75,4.0
,,,,datatype-fmap_fmap-magnitude2_suffix-magnitude2__22,datatype-fmap_fmap-magnitude2_suffix-magnitude2,22,2,64,64,44,1.56e-05,0.00527,,,60,acquisition-singleband_datatype-func_suffix-bold_task-rest,datatype-func_suffix-bold_task-frac2back,datatype-func_suffix-bold_task-idemo,,,,0,,False,,1.0,j-,1.0,,3.75,3.75,4.0
,,,,datatype-fmap_fmap-magnitude2_suffix-magnitude2__23,datatype-fmap_fmap-magnitude2_suffix-magnitude2,23,2,64,64,44,,0.00527,,,60,datatype-dwi_run-1_suffix-dwi,datatype-func_suffix-bold_task-frac2back,datatype-func_suffix-bold_task-idemo,,,,0,,False,,1.0,j-,1.0,,3.75,3.75,4.0
,,,,datatype-fmap_fmap-magnitude2_suffix-magnitude2__24,datatype-fmap_fmap-magnitude2_suffix-magnitude2,24,1,64,64,44,,0.00527,,,60,acquisition-100_datatype-func_suffix-bold_task-rest,acquisition-singleband_datatype-func_suffix-bold_task-rest,datatype-dwi_run-1_suffix-dwi,datatype-func_suffix-bold_task-frac2back,datatype-func_suffix-bold_task-idemo,,0,,False,,1.0,j-,1.0,,3.75,3.75,4.0
,,,,datatype-fmap_fmap-magnitude2_suffix-magnitude2__25,datatype-fmap_fmap-magnitude2_suffix-magnitude2,25,1,64,64,44,1.56e-05,0.00527,,,60,acquisition-se_suffix-asl,acquisition-singleband_datatype-func_suffix-bold_task-rest,datatype-dwi_run-1_suffix-dwi,datatype-dwi_run-2_suffix-dwi,datatype-func_suffix-bold_task-frac2back,datatype-func_suffix-bold_task-idemo,0,,False,,1.0,j-,1.0,,3.75,3.75,4.0
,,,,datatype-fmap_fmap-magnitude2_suffix-magnitude2__26,datatype-fmap_fmap-magnitude2_suffix-magnitude2,26,1,64,64,44,1.56e-05,0.00527,,,60,datatype-dwi_run-1_suffix-dwi,datatype-func_suffix-bold_task-frac2back,datatype-func_suffix-bold_task-idemo,,,,0,,False,,1.0,j-,1.0,,3.75,3.75,4.0
,,,,datatype-fmap_fmap-magnitude2_suffix-magnitude2__27,datatype-fmap_fmap-magnitude2_suffix-magnitude2,27,1,64,64,46,,0.00527,,,60,acquisition-singleband_datatype-func_suffix-bold_task-rest,datatype-dwi_run-1_suffix-dwi,datatype-dwi_run-2_suffix-dwi,datatype-func_suffix-bold_task-frac2back,datatype-func_suffix-bold_task-idemo,,0,,False,,1.0,j-,1.0,,3.75,3.75,3.0
,,,,datatype-fmap_fmap-magnitude2_suffix-magnitude2__28,datatype-fmap_fmap-magnitude2_suffix-magnitude2,28,1,64,64,44,,0.00527,,,60,acquisition-singleband_datatype-func_suffix-bold_task-rest,datatype-dwi_run-1_suffix-dwi,datatype-dwi_run-2_suffix-dwi,,,,0,,False,,1.0,j-,1.0,,3.75,3.75,4.0
,,,,datatype-fmap_fmap-magnitude2_suffix-magnitude2__29,datatype-fmap_fmap-magnitude2_suffix-magnitude2,29,1,64,64,46,,0.00527,,,60,datatype-dwi_run-1_suffix-dwi,datatype-dwi_run-2_suffix-dwi,,,,,0,,False,,1.0,j-,1.0,,3.75,3.75,3.0
,,,,datatype-fmap_fmap-magnitude2_suffix-magnitude2__30,datatype-fmap_fmap-magnitude2_suffix-magnitude2,30,1,64,64,44,,0.00527,,,60,suffix-m0scan,,,,,,0,,False,,1.0,j-,1.0,,3.75,3.75,4.0
,,,,datatype-fmap_fmap-magnitude2_suffix-magnitude2__31,datatype-fmap_fmap-magnitude2_suffix-magnitude2,31,1,64,64,44,,0.00527,,,60,acquisition-singleband_datatype-func_suffix-bold_task-rest,datatype-dwi_run-1_suffix-dwi,datatype-dwi_run-2_suffix-dwi,datatype-func_suffix-bold_task-frac2back,datatype-func_suffix-bold_task-idemo,,0,,True,,1.0,j-,1.0,,3.75,3.75,4.0
,,,,datatype-fmap_fmap-magnitude2_suffix-magnitude2__32,datatype-fmap_fmap-magnitude2_suffix-magnitude2,32,1,64,64,44,,0.00527,,,60,acquisition-singleband_datatype-func_suffix-bold_task-rest,datatype-dwi_run-1_suffix-dwi,datatype-dwi_run-2_suffix-dwi,datatype-func_suffix-bold_task-frac2back,datatype-func_suffix-bold_task-hero,datatype-func_suffix-bold_task-idemo,0,,False,,1.0,j-,1.0,,3.75,3.75,4.0
,,,,datatype-fmap_fmap-magnitude2_suffix-magnitude2__33,datatype-fmap_fmap-magnitude2_suffix-magnitude2,33,1,64,64,44,,0.00527,,,60,acquisition-100_datatype-func_suffix-bold_task-rest,acquisition-singleband_datatype-func_suffix-bold_task-rest,datatype-func_suffix-bold_task-frac2back,datatype-func_suffix-bold_task-idemo,,,0,,False,,1.0,j-,1.0,,3.75,3.75,4.0
,,,,datatype-fmap_fmap-magnitude2_suffix-magnitude2__34,datatype-fmap_fmap-magnitude2_suffix-magnitude2,34,1,64,64,44,,0.00527,,,60,acquisition-singleband_datatype-func_suffix-bold_task-rest,datatype-func_suffix-bold_task-frac2back,,,,,0,,False,,1.0,j-,1.0,,3.75,3.75,4.0
,,,,datatype-fmap_fmap-magnitude2_suffix-magnitude2__35,datatype-fmap_fmap-magnitude2_suffix-magnitude2,35,1,64,64,44,1.56e-05,0.00527,,,60,acquisition-singleband_datatype-func_suffix-bold_task-rest,datatype-dwi_run-1_suffix-dwi,datatype-func_suffix-bold_task-frac2back,datatype-func_suffix-bold_task-idemo,,,0,,False,,1.0,j-,1.0,,3.75,3.75,4.0
,,,,datatype-fmap_fmap-phase1_suffix-phase1__1,datatype-fmap_fmap-phase1_suffix-phase1,1,1264,64,64,44,,0.00269,,,60,acquisition-singleband_datatype-func_suffix-bold_task-rest,datatype-dwi_run-1_suffix-dwi,datatype-dwi_run-2_suffix-dwi,datatype-func_suffix-bold_task-frac2back,datatype-func_suffix-bold_task-idemo,,0,,False,,1.0,j-,1.0,,3.75,3.75,4.0
,,,,datatype-fmap_fmap-phase1_suffix-phase1__2,datatype-fmap_fmap-phase1_suffix-phase1,2,70,64,64,44,,0.00269,,,60,acquisition-100_datatype-func_suffix-bold_task-rest,acquisition-singleband_datatype-func_suffix-bold_task-rest,datatype-dwi_run-1_suffix-dwi,datatype-dwi_run-2_suffix-dwi,datatype-func_suffix-bold_task-frac2back,datatype-func_suffix-bold_task-idemo,0,,False,,1.0,j-,1.0,,3.75,3.75,4.0
,,,,datatype-fmap_fmap-phase1_suffix-phase1__3,datatype-fmap_fmap-phase1_suffix-phase1,3,47,64,64,44,,0.00269,,,60,datatype-func_suffix-bold_task-frac2back,datatype-func_suffix-bold_task-idemo,,,,,0,,False,,1.0,j-,1.0,,3.75,3.75,4.0
,,,,datatype-fmap_fmap-phase1_suffix-phase1__4,datatype-fmap_fmap-phase1_suffix-phase1,4,24,64,64,44,,0.00269,,,60,acquisition-singleband_datatype-func_suffix-bold_task-rest,datatype-func_suffix-bold_task-frac2back,datatype-func_suffix-bold_task-idemo,,,,0,,False,,1.0,j-,1.0,,3.75,3.75,4.0
,,,,datatype-fmap_fmap-phase1_suffix-phase1__5,datatype-fmap_fmap-phase1_suffix-phase1,5,17,64,64,44,1.56e-05,0.00269,,,60,acquisition-singleband_datatype-func_suffix-bold_task-rest,datatype-dwi_run-1_suffix-dwi,datatype-dwi_run-2_suffix-dwi,datatype-func_suffix-bold_task-frac2back,datatype-func_suffix-bold_task-idemo,,0,,False,,1.0,j-,1.0,,3.75,3.75,4.0
,,,,datatype-fmap_fmap-phase1_suffix-phase1__6,datatype-fmap_fmap-phase1_suffix-phase1,6,17,64,64,44,,0.00269,,,60,datatype-dwi_run-1_suffix-dwi,datatype-dwi_run-2_suffix-dwi,datatype-func_suffix-bold_task-frac2back,datatype-func_suffix-bold_task-idemo,,,0,,False,,1.0,j-,1.0,,3.75,3.75,4.0
,,,,datatype-fmap_fmap-phase1_suffix-phase1__7,datatype-fmap_fmap-phase1_suffix-phase1,7,17,64,64,44,,0.00269,,,60,datatype-func_suffix-bold_task-frac2back,,,,,,0,,False,,1.0,j-,1.0,,3.75,3.75,4.0
,,,,datatype-fmap_fmap-phase1_suffix-phase1__8,datatype-fmap_fmap-phase1_suffix-phase1,8,14,64,64,44,,0.00269,,,60,datatype-func_suffix-bold_task-idemo,,,,,,0,,False,,1.0,j-,1.0,,3.75,3.75,4.0
,,,,datatype-fmap_fmap-phase1_suffix-phase1__9,datatype-fmap_fmap-phase1_suffix-phase1,9,8,64,64,44,,0.00269,,,60,acquisition-singleband_datatype-func_suffix-bold_task-rest,datatype-dwi_run-1_suffix-dwi,datatype-func_suffix-bold_task-frac2back,datatype-func_suffix-bold_task-idemo,,,0,,False,,1.0,j-,1.0,,3.75,3.75,4.0
,,,,datatype-fmap_fmap-phase1_suffix-phase1__10,datatype-fmap_fmap-phase1_suffix-phase1,10,4,64,64,44,,0.00269,,,60,datatype-dwi_run-1_suffix-dwi,datatype-dwi_run-2_suffix-dwi,,,,,0,,False,,1.0,j-,1.0,,3.75,3.75,4.0
,,,,datatype-fmap_fmap-phase1_suffix-phase1__11,datatype-fmap_fmap-phase1_suffix-phase1,11,4,64,64,44,,0.00269,,,60,datatype-dwi_run-1_suffix-dwi,datatype-dwi_run-2_suffix-dwi,datatype-func_suffix-bold_task-frac2back,,,,0,,False,,1.0,j-,1.0,,3.75,3.75,4.0
,,,,datatype-fmap_fmap-phase1_suffix-phase1__12,datatype-fmap_fmap-phase1_suffix-phase1,12,3,64,64,44,,0.00269,,,60,,,,,,,0,,False,,1.0,j-,1.0,,3.75,3.75,4.0
,,,,datatype-fmap_fmap-phase1_suffix-phase1__13,datatype-fmap_fmap-phase1_suffix-phase1,13,3,64,64,44,1.56e-05,0.00269,,,60,acquisition-100_datatype-func_suffix-bold_task-rest,acquisition-singleband_datatype-func_suffix-bold_task-rest,datatype-dwi_run-1_suffix-dwi,datatype-dwi_run-2_suffix-dwi,datatype-func_suffix-bold_task-frac2back,datatype-func_suffix-bold_task-idemo,0,,False,,1.0,j-,1.0,,3.75,3.75,4.0
,,,,datatype-fmap_fmap-phase1_suffix-phase1__14,datatype-fmap_fmap-phase1_suffix-phase1,14,2,64,64,44,,0.00269,,,60,datatype-dwi_run-1_suffix-dwi,datatype-dwi_run-2_suffix-dwi,datatype-func_suffix-bold_task-idemo,,,,0,,False,,1.0,j-,1.0,,3.75,3.75,4.0
,,,,datatype-fmap_fmap-phase1_suffix-phase1__15,datatype-fmap_fmap-phase1_suffix-phase1,15,2,64,64,44,,0.00269,,,60,acquisition-singleband_datatype-func_suffix-bold_task-rest,datatype-dwi_run-1_suffix-dwi,datatype-dwi_run-2_suffix-dwi,datatype-func_suffix-bold_task-frac2back,,,0,,False,,1.0,j-,1.0,,3.75,3.75,4.0
,,,,datatype-fmap_fmap-phase1_suffix-phase1__16,datatype-fmap_fmap-phase1_suffix-phase1,16,2,64,64,46,,0.00269,,,60,acquisition-singleband_datatype-func_suffix-bold_task-rest,datatype-dwi_run-1_suffix-dwi,datatype-dwi_run-2_suffix-dwi,datatype-func_suffix-bold_task-frac2back,datatype-func_suffix-bold_task-idemo,,0,,False,,1.0,j-,1.0,,3.0,3.0,3.0
,,,,datatype-fmap_fmap-phase1_suffix-phase1__17,datatype-fmap_fmap-phase1_suffix-phase1,17,2,64,64,44,,0.00269,,,60,acquisition-singleband_datatype-func_suffix-bold_task-rest,datatype-dwi_run-1_suffix-dwi,datatype-dwi_run-2_suffix-dwi,datatype-func_suffix-bold_task-idemo,,,0,,False,,1.0,j-,1.0,,3.75,3.75,4.0
,,,,datatype-fmap_fmap-phase1_suffix-phase1__18,datatype-fmap_fmap-phase1_suffix-phase1,18,2,64,64,44,1.56e-05,0.00269,,,60,acquisition-singleband_datatype-func_suffix-bold_task-rest,datatype-func_suffix-bold_task-frac2back,datatype-func_suffix-bold_task-idemo,,,,0,,False,,1.0,j-,1.0,,3.75,3.75,4.0
,,,,datatype-fmap_fmap-phase1_suffix-phase1__19,datatype-fmap_fmap-phase1_suffix-phase1,19,2,64,64,44,,0.00269,,,60,datatype-dwi_run-1_suffix-dwi,datatype-func_suffix-bold_task-frac2back,datatype-func_suffix-bold_task-idemo,,,,0,,False,,1.0,j-,1.0,,3.75,3.75,4.0
,,,,datatype-fmap_fmap-phase1_suffix-phase1__20,datatype-fmap_fmap-phase1_suffix-phase1,20,1,64,64,44,1.56e-05,0.00269,,,60,datatype-dwi_run-1_suffix-dwi,datatype-func_suffix-bold_task-frac2back,datatype-func_suffix-bold_task-idemo,,,,0,,False,,1.0,j-,1.0,,3.75,3.75,4.0
,,,,datatype-fmap_fmap-phase1_suffix-phase1__21,datatype-fmap_fmap-phase1_suffix-phase1,21,1,64,64,46,,0.00269,,,60,acquisition-singleband_datatype-func_suffix-bold_task-rest,datatype-dwi_run-1_suffix-dwi,datatype-dwi_run-2_suffix-dwi,datatype-func_suffix-bold_task-frac2back,datatype-func_suffix-bold_task-idemo,,0,,False,,1.0,j-,1.0,,3.75,3.75,3.0
,,,,datatype-fmap_fmap-phase1_suffix-phase1__22,datatype-fmap_fmap-phase1_suffix-phase1,22,1,64,64,44,,0.00269,,,60,acquisition-100_datatype-func_suffix-bold_task-rest,acquisition-singleband_datatype-func_suffix-bold_task-rest,datatype-dwi_run-1_suffix-dwi,datatype-func_suffix-bold_task-frac2back,datatype-func_suffix-bold_task-idemo,,0,,False,,1.0,j-,1.0,,3.75,3.75,4.0
,,,,datatype-fmap_fmap-phase1_suffix-phase1__23,datatype-fmap_fmap-phase1_suffix-phase1,23,1,64,64,44,,0.00269,,,60,acquisition-singleband_datatype-func_suffix-bold_task-rest,datatype-dwi_run-1_suffix-dwi,datatype-dwi_run-2_suffix-dwi,,,,0,,False,,1.0,j-,1.0,,3.75,3.75,4.0
,,,,datatype-fmap_fmap-phase1_suffix-phase1__24,datatype-fmap_fmap-phase1_suffix-phase1,24,1,64,64,46,,0.00269,,,60,datatype-dwi_run-1_suffix-dwi,datatype-dwi_run-2_suffix-dwi,,,,,0,,False,,1.0,j-,1.0,,3.75,3.75,3.0
,,,,datatype-fmap_fmap-phase1_suffix-phase1__25,datatype-fmap_fmap-phase1_suffix-phase1,25,1,64,64,44,,0.00269,,,60,acquisition-singleband_datatype-func_suffix-bold_task-rest,datatype-dwi_run-1_suffix-dwi,datatype-dwi_run-2_suffix-dwi,datatype-func_suffix-bold_task-frac2back,datatype-func_suffix-bold_task-idemo,,0,,True,,1.0,j-,1.0,,3.75,3.75,4.0
,,,,datatype-fmap_fmap-phase1_suffix-phase1__26,datatype-fmap_fmap-phase1_suffix-phase1,26,1,64,64,44,,0.00269,,,60,acquisition-100_datatype-func_suffix-bold_task-rest,acquisition-singleband_datatype-func_suffix-bold_task-rest,datatype-func_suffix-bold_task-frac2back,datatype-func_suffix-bold_task-idemo,,,0,,False,,1.0,j-,1.0,,3.75,3.75,4.0
,,,,datatype-fmap_fmap-phase1_suffix-phase1__27,datatype-fmap_fmap-phase1_suffix-phase1,27,1,64,64,44,,0.00269,,,60,acquisition-singleband_datatype-func_suffix-bold_task-rest,datatype-func_suffix-bold_task-frac2back,,,,,0,,False,,1.0,j-,1.0,,3.75,3.75,4.0
,,,,datatype-fmap_fmap-phase1_suffix-phase1__28,datatype-fmap_fmap-phase1_suffix-phase1,28,1,64,64,44,1.56e-05,0.00269,,,60,acquisition-singleband_datatype-func_suffix-bold_task-rest,datatype-dwi_run-1_suffix-dwi,datatype-func_suffix-bold_task-frac2back,datatype-func_suffix-bold_task-idemo,,,0,,False,,1.0,j-,1.0,,3.75,3.75,4.0
,,,,datatype-fmap_fmap-phase2_suffix-phase2__1,datatype-fmap_fmap-phase2_suffix-phase2,1,1264,64,64,44,,0.00527,,,60,acquisition-singleband_datatype-func_suffix-bold_task-rest,datatype-dwi_run-1_suffix-dwi,datatype-dwi_run-2_suffix-dwi,datatype-func_suffix-bold_task-frac2back,datatype-func_suffix-bold_task-idemo,,0,,False,,1.0,j-,1.0,,3.75,3.75,4.0
,,,,datatype-fmap_fmap-phase2_suffix-phase2__2,datatype-fmap_fmap-phase2_suffix-phase2,2,70,64,64,44,,0.00527,,,60,acquisition-100_datatype-func_suffix-bold_task-rest,acquisition-singleband_datatype-func_suffix-bold_task-rest,datatype-dwi_run-1_suffix-dwi,datatype-dwi_run-2_suffix-dwi,datatype-func_suffix-bold_task-frac2back,datatype-func_suffix-bold_task-idemo,0,,False,,1.0,j-,1.0,,3.75,3.75,4.0
,,,,datatype-fmap_fmap-phase2_suffix-phase2__3,datatype-fmap_fmap-phase2_suffix-phase2,3,47,64,64,44,,0.00527,,,60,datatype-func_suffix-bold_task-frac2back,datatype-func_suffix-bold_task-idemo,,,,,0,,False,,1.0,j-,1.0,,3.75,3.75,4.0
,,,,datatype-fmap_fmap-phase2_suffix-phase2__4,datatype-fmap_fmap-phase2_suffix-phase2,4,24,64,64,44,,0.00527,,,60,acquisition-singleband_datatype-func_suffix-bold_task-rest,datatype-func_suffix-bold_task-frac2back,datatype-func_suffix-bold_task-idemo,,,,0,,False,,1.0,j-,1.0,,3.75,3.75,4.0
,,,,datatype-fmap_fmap-phase2_suffix-phase2__5,datatype-fmap_fmap-phase2_suffix-phase2,5,17,64,64,44,1.56e-05,0.00527,,,60,acquisition-singleband_datatype-func_suffix-bold_task-rest,datatype-dwi_run-1_suffix-dwi,datatype-dwi_run-2_suffix-dwi,datatype-func_suffix-bold_task-frac2back,datatype-func_suffix-bold_task-idemo,,0,,False,,1.0,j-,1.0,,3.75,3.75,4.0
,,,,datatype-fmap_fmap-phase2_suffix-phase2__6,datatype-fmap_fmap-phase2_suffix-phase2,6,17,64,64,44,,0.00527,,,60,datatype-dwi_run-1_suffix-dwi,datatype-dwi_run-2_suffix-dwi,datatype-func_suffix-bold_task-frac2back,datatype-func_suffix-bold_task-idemo,,,0,,False,,1.0,j-,1.0,,3.75,3.75,4.0
,,,,datatype-fmap_fmap-phase2_suffix-phase2__7,datatype-fmap_fmap-phase2_suffix-phase2,7,17,64,64,44,,0.00527,,,60,datatype-func_suffix-bold_task-frac2back,,,,,,0,,False,,1.0,j-,1.0,,3.75,3.75,4.0
,,,,datatype-fmap_fmap-phase2_suffix-phase2__8,datatype-fmap_fmap-phase2_suffix-phase2,8,14,64,64,44,,0.00527,,,60,datatype-func_suffix-bold_task-idemo,,,,,,0,,False,,1.0,j-,1.0,,3.75,3.75,4.0
,,,,datatype-fmap_fmap-phase2_suffix-phase2__9,datatype-fmap_fmap-phase2_suffix-phase2,9,8,64,64,44,,0.00527,,,60,acquisition-singleband_datatype-func_suffix-bold_task-rest,datatype-dwi_run-1_suffix-dwi,datatype-func_suffix-bold_task-frac2back,datatype-func_suffix-bold_task-idemo,,,0,,False,,1.0,j-,1.0,,3.75,3.75,4.0
,,,,datatype-fmap_fmap-phase2_suffix-phase2__10,datatype-fmap_fmap-phase2_suffix-phase2,10,4,64,64,44,,0.00527,,,60,datatype-dwi_run-1_suffix-dwi,datatype-dwi_run-2_suffix-dwi,,,,,0,,False,,1.0,j-,1.0,,3.75,3.75,4.0
,,,,datatype-fmap_fmap-phase2_suffix-phase2__11,datatype-fmap_fmap-phase2_suffix-phase2,11,4,64,64,44,,0.00527,,,60,datatype-dwi_run-1_suffix-dwi,datatype-dwi_run-2_suffix-dwi,datatype-func_suffix-bold_task-frac2back,,,,0,,False,,1.0,j-,1.0,,3.75,3.75,4.0
,,,,datatype-fmap_fmap-phase2_suffix-phase2__12,datatype-fmap_fmap-phase2_suffix-phase2,12,3,64,64,44,,0.00527,,,60,,,,,,,0,,False,,1.0,j-,1.0,,3.75,3.75,4.0
,,,,datatype-fmap_fmap-phase2_suffix-phase2__13,datatype-fmap_fmap-phase2_suffix-phase2,13,3,64,64,44,1.56e-05,0.00527,,,60,acquisition-100_datatype-func_suffix-bold_task-rest,acquisition-singleband_datatype-func_suffix-bold_task-rest,datatype-dwi_run-1_suffix-dwi,datatype-dwi_run-2_suffix-dwi,datatype-func_suffix-bold_task-frac2back,datatype-func_suffix-bold_task-idemo,0,,False,,1.0,j-,1.0,,3.75,3.75,4.0
,,,,datatype-fmap_fmap-phase2_suffix-phase2__14,datatype-fmap_fmap-phase2_suffix-phase2,14,2,64,64,44,,0.00527,,,60,datatype-dwi_run-1_suffix-dwi,datatype-dwi_run-2_suffix-dwi,datatype-func_suffix-bold_task-idemo,,,,0,,False,,1.0,j-,1.0,,3.75,3.75,4.0
,,,,datatype-fmap_fmap-phase2_suffix-phase2__15,datatype-fmap_fmap-phase2_suffix-phase2,15,2,64,64,44,,0.00527,,,60,acquisition-singleband_datatype-func_suffix-bold_task-rest,datatype-dwi_run-1_suffix-dwi,datatype-dwi_run-2_suffix-dwi,datatype-func_suffix-bold_task-frac2back,,,0,,False,,1.0,j-,1.0,,3.75,3.75,4.0
,,,,datatype-fmap_fmap-phase2_suffix-phase2__16,datatype-fmap_fmap-phase2_suffix-phase2,16,2,64,64,46,,0.00527,,,60,acquisition-singleband_datatype-func_suffix-bold_task-rest,datatype-dwi_run-1_suffix-dwi,datatype-dwi_run-2_suffix-dwi,datatype-func_suffix-bold_task-frac2back,datatype-func_suffix-bold_task-idemo,,0,,False,,1.0,j-,1.0,,3.0,3.0,3.0
,,,,datatype-fmap_fmap-phase2_suffix-phase2__17,datatype-fmap_fmap-phase2_suffix-phase2,17,2,64,64,44,,0.00527,,,60,acquisition-singleband_datatype-func_suffix-bold_task-rest,datatype-dwi_run-1_suffix-dwi,datatype-dwi_run-2_suffix-dwi,datatype-func_suffix-bold_task-idemo,,,0,,False,,1.0,j-,1.0,,3.75,3.75,4.0
,,,,datatype-fmap_fmap-phase2_suffix-phase2__18,datatype-fmap_fmap-phase2_suffix-phase2,18,2,64,64,44,1.56e-05,0.00527,,,60,acquisition-singleband_datatype-func_suffix-bold_task-rest,datatype-func_suffix-bold_task-frac2back,datatype-func_suffix-bold_task-idemo,,,,0,,False,,1.0,j-,1.0,,3.75,3.75,4.0
,,,,datatype-fmap_fmap-phase2_suffix-phase2__19,datatype-fmap_fmap-phase2_suffix-phase2,19,2,64,64,44,,0.00527,,,60,datatype-dwi_run-1_suffix-dwi,datatype-func_suffix-bold_task-frac2back,datatype-func_suffix-bold_task-idemo,,,,0,,False,,1.0,j-,1.0,,3.75,3.75,4.0
,,,,datatype-fmap_fmap-phase2_suffix-phase2__20,datatype-fmap_fmap-phase2_suffix-phase2,20,1,64,64,44,1.56e-05,0.00527,,,60,datatype-dwi_run-1_suffix-dwi,datatype-func_suffix-bold_task-frac2back,datatype-func_suffix-bold_task-idemo,,,,0,,False,,1.0,j-,1.0,,3.75,3.75,4.0
,,,,datatype-fmap_fmap-phase2_suffix-phase2__21,datatype-fmap_fmap-phase2_suffix-phase2,21,1,64,64,46,,0.00527,,,60,acquisition-singleband_datatype-func_suffix-bold_task-rest,datatype-dwi_run-1_suffix-dwi,datatype-dwi_run-2_suffix-dwi,datatype-func_suffix-bold_task-frac2back,datatype-func_suffix-bold_task-idemo,,0,,False,,1.0,j-,1.0,,3.75,3.75,3.0
,,,,datatype-fmap_fmap-phase2_suffix-phase2__22,datatype-fmap_fmap-phase2_suffix-phase2,22,1,64,64,44,,0.00527,,,60,acquisition-100_datatype-func_suffix-bold_task-rest,acquisition-singleband_datatype-func_suffix-bold_task-rest,datatype-dwi_run-1_suffix-dwi,datatype-func_suffix-bold_task-frac2back,datatype-func_suffix-bold_task-idemo,,0,,False,,1.0,j-,1.0,,3.75,3.75,4.0
,,,,datatype-fmap_fmap-phase2_suffix-phase2__23,datatype-fmap_fmap-phase2_suffix-phase2,23,1,64,64,44,,0.00527,,,60,acquisition-singleband_datatype-func_suffix-bold_task-rest,datatype-dwi_run-1_suffix-dwi,datatype-dwi_run-2_suffix-dwi,,,,0,,False,,1.0,j-,1.0,,3.75,3.75,4.0
,,,,datatype-fmap_fmap-phase2_suffix-phase2__24,datatype-fmap_fmap-phase2_suffix-phase2,24,1,64,64,46,,0.00527,,,60,datatype-dwi_run-1_suffix-dwi,datatype-dwi_run-2_suffix-dwi,,,,,0,,False,,1.0,j-,1.0,,3.75,3.75,3.0
,,,,datatype-fmap_fmap-phase2_suffix-phase2__25,datatype-fmap_fmap-phase2_suffix-phase2,25,1,64,64,44,,0.00527,,,60,acquisition-singleband_datatype-func_suffix-bold_task-rest,datatype-dwi_run-1_suffix-dwi,datatype-dwi_run-2_suffix-dwi,datatype-func_suffix-bold_task-frac2back,datatype-func_suffix-bold_task-idemo,,0,,True,,1.0,j-,1.0,,3.75,3.75,4.0
,,,,datatype-fmap_fmap-phase2_suffix-phase2__26,datatype-fmap_fmap-phase2_suffix-phase2,26,1,64,64,44,,0.00527,,,60,acquisition-100_datatype-func_suffix-bold_task-rest,acquisition-singleband_datatype-func_suffix-bold_task-rest,datatype-func_suffix-bold_task-frac2back,datatype-func_suffix-bold_task-idemo,,,0,,False,,1.0,j-,1.0,,3.75,3.75,4.0
,,,,datatype-fmap_fmap-phase2_suffix-phase2__27,datatype-fmap_fmap-phase2_suffix-phase2,27,1,64,64,44,,0.00527,,,60,acquisition-singleband_datatype-func_suffix-bold_task-rest,datatype-func_suffix-bold_task-frac2back,,,,,0,,False,,1.0,j-,1.0,,3.75,3.75,4.0
,,,,datatype-fmap_fmap-phase2_suffix-phase2__28,datatype-fmap_fmap-phase2_suffix-phase2,28,1,64,64,44,1.56e-05,0.00527,,,60,acquisition-singleband_datatype-func_suffix-bold_task-rest,datatype-dwi_run-1_suffix-dwi,datatype-func_suffix-bold_task-frac2back,datatype-func_suffix-bold_task-idemo,,,0,,False,,1.0,j-,1.0,,3.75,3.75,4.0
,,,,datatype-func_suffix-bold_task-frac2back__1,datatype-func_suffix-bold_task-frac2back,1,1396,64,64,46,,0.032,0.000550002,datatype-fmap_fmap-phase1_suffix-phase1,90,,,,,,,46,231.0,False,,1.0,j-,3.0,0.0346501,3.0,3.0,3.0
,,,,datatype-func_suffix-bold_task-frac2back__2,datatype-func_suffix-bold_task-frac2back,2,33,64,64,46,,0.032,0.000550002,,90,,,,,,,46,231.0,False,,1.0,j-,3.0,0.0346501,3.0,3.0,3.0
,,,,datatype-func_suffix-bold_task-frac2back__3,datatype-func_suffix-bold_task-frac2back,3,24,64,64,46,3.8e-06,0.032,0.000550002,datatype-fmap_fmap-phase1_suffix-phase1,90,,,,,,,46,231.0,False,,1.0,j-,3.0,0.0346501,3.0,3.0,3.0
,,,,datatype-func_suffix-bold_task-frac2back__4,datatype-func_suffix-bold_task-frac2back,4,4,64,64,46,,0.032,0.000550002,datatype-fmap_fmap-phase1_suffix-phase1,90,,,,,,,46,210.0,False,,1.0,j-,3.0,0.0346501,3.0,3.0,3.0
,,,,datatype-func_suffix-bold_task-frac2back__5,datatype-func_suffix-bold_task-frac2back,5,4,64,64,46,3.8e-06,0.032,0.000550002,,90,,,,,,,46,231.0,False,,1.0,j-,3.0,0.0346501,3.0,3.0,3.0
,,,,datatype-func_suffix-bold_task-frac2back__6,datatype-func_suffix-bold_task-frac2back,6,3,64,64,46,,0.032,0.000550002,datatype-fmap_fmap-phase1_suffix-phase1,90,,,,,,,46,193.0,False,,1.0,j-,3.0,0.0346501,3.0,3.0,3.0
,,,,datatype-func_suffix-bold_task-frac2back__7,datatype-func_suffix-bold_task-frac2back,7,3,64,64,46,,0.032,0.000550002,datatype-fmap_fmap-phase1_suffix-phase1,90,,,,,,,46,208.0,False,,1.0,j-,3.0,0.0346501,3.0,3.0,3.0
,,,,datatype-func_suffix-bold_task-frac2back__8,datatype-func_suffix-bold_task-frac2back,8,2,64,64,46,,0.032,0.000550002,datatype-fmap_fmap-phase1_suffix-phase1,90,,,,,,,46,89.0,False,,1.0,j-,3.0,0.0346501,3.0,3.0,3.0
,,,,datatype-func_suffix-bold_task-frac2back__9,datatype-func_suffix-bold_task-frac2back,9,2,64,64,46,,0.032,0.000550002,datatype-fmap_fmap-phase1_suffix-phase1,90,,,,,,,46,186.0,False,,1.0,j-,3.0,0.0346501,3.0,3.0,3.0
,,,,datatype-func_suffix-bold_task-frac2back__10,datatype-func_suffix-bold_task-frac2back,10,2,64,64,46,,0.032,0.000550002,datatype-fmap_fmap-phase1_suffix-phase1,90,,,,,,,46,113.0,False,,1.0,j-,3.0,0.0346501,3.0,3.0,3.0
,,,,datatype-func_suffix-bold_task-frac2back__11,datatype-func_suffix-bold_task-frac2back,11,2,64,64,46,,0.032,0.000550002,,90,,,,,,,46,180.0,False,,1.0,j-,3.0,0.0346501,3.0,3.0,3.0
,,,,datatype-func_suffix-bold_task-frac2back__12,datatype-func_suffix-bold_task-frac2back,12,2,64,64,46,,0.032,0.000550002,datatype-fmap_fmap-phase1_suffix-phase1,90,,,,,,,46,126.0,False,,1.0,j-,3.0,0.0346501,3.0,3.0,3.0
,,,,datatype-func_suffix-bold_task-frac2back__13,datatype-func_suffix-bold_task-frac2back,13,1,64,64,46,,0.032,0.000550002,datatype-fmap_fmap-phase1_suffix-phase1,90,,,,,,,46,78.0,False,,1.0,j-,3.0,0.0346501,3.0,3.0,3.0
,,,,datatype-func_suffix-bold_task-frac2back__14,datatype-func_suffix-bold_task-frac2back,14,1,64,64,46,,0.032,0.000550002,datatype-fmap_fmap-phase1_suffix-phase1,90,,,,,,,46,88.0,False,,1.0,j-,3.0,0.0346501,3.0,3.0,3.0
,,,,datatype-func_suffix-bold_task-frac2back__15,datatype-func_suffix-bold_task-frac2back,15,1,64,64,46,,0.032,0.000550002,datatype-fmap_fmap-phase1_suffix-phase1,90,,,,,,,46,54.0,False,,1.0,j-,3.0,0.0346501,3.0,3.0,3.0
,,,,datatype-func_suffix-bold_task-frac2back__16,datatype-func_suffix-bold_task-frac2back,16,1,64,64,46,,0.032,0.000550002,datatype-fmap_fmap-phase1_suffix-phase1,90,,,,,,,46,27.0,False,,1.0,j-,3.0,0.0346501,3.0,3.0,3.0
,,,,datatype-func_suffix-bold_task-frac2back__17,datatype-func_suffix-bold_task-frac2back,17,1,64,64,46,,0.032,0.000550002,datatype-fmap_fmap-phase1_suffix-phase1,90,,,,,,,46,76.0,False,,1.0,j-,3.0,0.0346501,3.0,3.0,3.0
,,,,datatype-func_suffix-bold_task-frac2back__18,datatype-func_suffix-bold_task-frac2back,18,1,64,64,46,,0.032,0.000550002,datatype-fmap_fmap-phase1_suffix-phase1,90,,,,,,,46,157.0,False,,1.0,j-,3.0,0.0346501,3.0,3.0,3.0
,,,,datatype-func_suffix-bold_task-frac2back__19,datatype-func_suffix-bold_task-frac2back,19,1,64,64,46,,0.032,0.000550002,datatype-fmap_fmap-phase1_suffix-phase1,90,,,,,,,46,175.0,False,,1.0,j-,3.0,0.0346501,3.0,3.0,3.0
,,,,datatype-func_suffix-bold_task-frac2back__20,datatype-func_suffix-bold_task-frac2back,20,1,64,64,46,,0.032,0.000550002,datatype-fmap_fmap-phase1_suffix-phase1,90,,,,,,,46,108.0,False,,1.0,j-,3.0,0.0346501,3.0,3.0,3.0
,,,,datatype-func_suffix-bold_task-frac2back__21,datatype-func_suffix-bold_task-frac2back,21,1,64,64,46,,0.032,0.000550002,datatype-fmap_fmap-phase1_suffix-phase1,90,,,,,,,46,183.0,False,,1.0,j-,3.0,0.0346501,3.0,3.0,3.0
,,,,datatype-func_suffix-bold_task-frac2back__22,datatype-func_suffix-bold_task-frac2back,22,1,64,64,46,,0.032,0.000550002,datatype-fmap_fmap-phase1_suffix-phase1,90,,,,,,,46,103.0,False,,1.0,j-,3.0,0.0346501,3.0,3.0,3.0
,,,,datatype-func_suffix-bold_task-frac2back__23,datatype-func_suffix-bold_task-frac2back,23,1,64,64,46,,0.032,0.000550002,datatype-fmap_fmap-phase1_suffix-phase1,90,,,,,,,46,200.0,False,,1.0,j-,3.0,0.0346501,3.0,3.0,3.0
,,,,datatype-func_suffix-bold_task-frac2back__24,datatype-func_suffix-bold_task-frac2back,24,1,64,64,46,,0.032,0.000550002,datatype-fmap_fmap-phase1_suffix-phase1,90,,,,,,,46,231.0,True,,1.0,j-,3.0,0.0346501,3.0,3.0,3.0
,,,,datatype-func_suffix-bold_task-frac2back__25,datatype-func_suffix-bold_task-frac2back,25,1,64,64,46,,0.032,0.000550002,datatype-fmap_fmap-phase1_suffix-phase1,90,,,,,,,46,156.0,False,,1.0,j-,3.0,0.0346501,3.0,3.0,3.0
,,,,datatype-func_suffix-bold_task-frac2back__26,datatype-func_suffix-bold_task-frac2back,26,1,64,64,46,,0.032,0.000550002,datatype-fmap_fmap-phase1_suffix-phase1,90,,,,,,,46,187.0,False,,1.0,j-,3.0,0.0346501,3.0,3.0,3.0
,,,,datatype-func_suffix-bold_task-frac2back__27,datatype-func_suffix-bold_task-frac2back,27,1,64,64,46,,0.032,0.000550002,datatype-fmap_fmap-phase1_suffix-phase1,90,,,,,,,46,191.0,False,,1.0,j-,3.0,0.0346501,3.0,3.0,3.0
,,,,datatype-func_suffix-bold_task-frac2back__28,datatype-func_suffix-bold_task-frac2back,28,1,64,64,46,,0.032,0.000550002,datatype-fmap_fmap-phase1_suffix-phase1,90,,,,,,,46,101.0,False,,1.0,j-,3.0,0.0346501,3.0,3.0,3.0
,,,,datatype-func_suffix-bold_task-frac2back__29,datatype-func_suffix-bold_task-frac2back,29,1,64,64,46,,0.032,0.000550002,,90,,,,,,,46,49.0,False,,1.0,j-,3.0,0.0346501,3.0,3.0,3.0
,,,,datatype-func_suffix-bold_task-frac2back__30,datatype-func_suffix-bold_task-frac2back,30,1,64,64,46,,0.032,0.000550002,datatype-fmap_fmap-phase1_suffix-phase1,90,,,,,,,46,205.0,False,,1.0,j-,3.0,0.0346501,3.0,3.0,3.0
,,,,datatype-func_suffix-bold_task-frac2back__31,datatype-func_suffix-bold_task-frac2back,31,1,64,64,46,,0.032,0.000550002,,90,,,,,,,46,195.0,False,,1.0,j-,3.0,0.0346501,3.0,3.0,3.0
,,,,datatype-func_suffix-bold_task-frac2back__32,datatype-func_suffix-bold_task-frac2back,32,1,64,64,46,,0.032,0.000550002,,90,,,,,,,46,207.0,False,,1.0,j-,3.0,0.0346501,3.0,3.0,3.0
,,,,datatype-func_suffix-bold_task-frac2back__33,datatype-func_suffix-bold_task-frac2back,33,1,64,64,46,,0.032,0.000550002,datatype-fmap_fmap-phase1_suffix-phase1,90,,,,,,,46,180.0,False,,1.0,j-,3.0,0.0346501,3.0,3.0,3.0
,,,,datatype-func_suffix-bold_task-frac2back__34,datatype-func_suffix-bold_task-frac2back,34,1,64,64,46,,0.032,0.000550002,datatype-fmap_fmap-phase1_suffix-phase1,90,,,,,,,46,218.0,False,,1.0,j-,3.0,0.0346501,3.0,3.0,3.0
,,,,datatype-func_suffix-bold_task-frac2back__35,datatype-func_suffix-bold_task-frac2back,35,1,64,64,46,,0.032,0.000550002,datatype-fmap_fmap-phase1_suffix-phase1,90,,,,,,,46,225.0,False,,1.0,j-,3.0,0.0346501,3.0,3.0,3.0
,,,,datatype-func_suffix-bold_task-frac2back__36,datatype-func_suffix-bold_task-frac2back,36,1,64,64,46,,0.032,0.000550002,datatype-fmap_fmap-phase1_suffix-phase1,90,,,,,,,46,149.0,False,,1.0,j-,3.0,0.0346501,3.0,3.0,3.0
,,,,datatype-func_suffix-bold_task-frac2back__37,datatype-func_suffix-bold_task-frac2back,37,1,64,64,46,,0.032,0.000550002,,90,,,,,,,46,117.0,False,,1.0,j-,3.0,0.0346501,3.0,3.0,3.0
,,,,datatype-func_suffix-bold_task-frac2back__38,datatype-func_suffix-bold_task-frac2back,38,1,64,64,46,,0.032,0.000550002,datatype-fmap_fmap-phase1_suffix-phase1,90,,,,,,,46,111.0,False,,1.0,j-,3.0,0.0346501,3.0,3.0,3.0
,,,,datatype-func_suffix-bold_task-frac2back__39,datatype-func_suffix-bold_task-frac2back,39,1,64,64,46,,0.032,0.000550002,datatype-fmap_fmap-phase1_suffix-phase1,90,,,,,,,46,84.0,False,,1.0,j-,3.0,0.0346501,3.0,3.0,3.0
,,,,datatype-func_suffix-bold_task-frac2back__40,datatype-func_suffix-bold_task-frac2back,40,1,64,64,46,,0.032,0.000550002,,90,,,,,,,46,227.0,False,,1.0,j-,3.0,0.0346501,3.0,3.0,3.0
,,,,datatype-func_suffix-bold_task-frac2back__41,datatype-func_suffix-bold_task-frac2back,41,1,64,64,46,,0.032,0.000550002,datatype-fmap_fmap-phase1_suffix-phase1,90,,,,,,,46,46.0,False,,1.0,j-,3.0,0.0346501,3.0,3.0,3.0
,,,,datatype-func_suffix-bold_task-frac2back__42,datatype-func_suffix-bold_task-frac2back,42,1,64,64,46,,0.032,0.000550002,datatype-fmap_fmap-phase1_suffix-phase1,90,,,,,,,46,170.0,False,,1.0,j-,3.0,0.0346501,3.0,3.0,3.0
,,,,datatype-func_suffix-bold_task-frac2back__43,datatype-func_suffix-bold_task-frac2back,43,1,64,64,46,,0.032,0.000550002,datatype-fmap_fmap-phase1_suffix-phase1,90,,,,,,,46,134.0,False,,1.0,j-,3.0,0.0346501,3.0,3.0,3.0
,,,,datatype-func_suffix-bold_task-frac2back__44,datatype-func_suffix-bold_task-frac2back,44,1,64,64,46,,0.032,0.000550002,datatype-fmap_fmap-phase1_suffix-phase1,90,,,,,,,46,227.0,False,,1.0,j-,3.0,0.0346501,3.0,3.0,3.0
,,,,datatype-func_suffix-bold_task-frac2back__45,datatype-func_suffix-bold_task-frac2back,45,1,64,64,46,,0.032,0.000550002,datatype-fmap_fmap-phase1_suffix-phase1,90,,,,,,,46,140.0,False,,1.0,j-,3.0,0.0346501,3.0,3.0,3.0
,,,,datatype-func_suffix-bold_task-frac2back__46,datatype-func_suffix-bold_task-frac2back,46,1,64,64,46,,0.032,0.000550002,datatype-fmap_fmap-phase1_suffix-phase1,90,,,,,,,46,141.0,False,,1.0,j-,3.0,0.0346501,3.0,3.0,3.0
,,,,datatype-func_suffix-bold_task-frac2back__47,datatype-func_suffix-bold_task-frac2back,47,1,64,64,46,,0.032,0.000550002,,90,,,,,,,46,183.0,False,,1.0,j-,3.0,0.0346501,3.0,3.0,3.0
,,,,datatype-func_suffix-bold_task-frac2back__48,datatype-func_suffix-bold_task-frac2back,48,1,64,64,46,,0.032,0.000550002,,90,,,,,,,46,81.0,False,,1.0,j-,3.0,0.0346501,3.0,3.0,3.0
,,,,datatype-func_suffix-bold_task-frac2back__49,datatype-func_suffix-bold_task-frac2back,49,1,64,64,46,,0.032,0.000550002,datatype-fmap_fmap-phase1_suffix-phase1,90,,,,,,,46,132.0,False,,1.0,j-,3.0,0.0346501,3.0,3.0,3.0
,,,,datatype-func_suffix-bold_task-frac2back__50,datatype-func_suffix-bold_task-frac2back,50,1,64,64,46,,0.032,0.000550002,datatype-fmap_fmap-phase1_suffix-phase1,90,,,,,,,46,115.0,False,,1.0,j-,3.0,0.0346501,3.0,3.0,3.0
,,,,datatype-func_suffix-bold_task-frac2back__51,datatype-func_suffix-bold_task-frac2back,51,1,64,64,46,,0.032,0.000550002,datatype-fmap_fmap-phase1_suffix-phase1,90,,,,,,,46,154.0,False,,1.0,j-,3.0,0.0346501,3.0,3.0,3.0
,,,,datatype-func_suffix-bold_task-frac2back__52,datatype-func_suffix-bold_task-frac2back,52,1,64,64,46,,0.032,0.000550002,,90,,,,,,,46,29.0,False,,1.0,j-,3.0,0.0346501,3.0,3.0,3.0
,,,,datatype-func_suffix-bold_task-frac2back__53,datatype-func_suffix-bold_task-frac2back,53,1,64,64,46,,0.032,0.000550002,datatype-fmap_fmap-phase1_suffix-phase1,90,,,,,,,46,110.0,False,,1.0,j-,3.0,0.0346501,3.0,3.0,3.0
,,,,datatype-func_suffix-bold_task-frac2back__54,datatype-func_suffix-bold_task-frac2back,54,1,64,64,46,,0.032,0.000550002,datatype-fmap_fmap-phase1_suffix-phase1,90,,,,,,,46,129.0,False,,1.0,j-,3.0,0.0346501,3.0,3.0,3.0
,,,,datatype-func_suffix-bold_task-frac2back__55,datatype-func_suffix-bold_task-frac2back,55,1,64,64,46,,0.032,0.000550002,datatype-fmap_fmap-phase1_suffix-phase1,90,,,,,,,46,72.0,False,,1.0,j-,3.0,0.0346501,3.0,3.0,3.0
,,,,datatype-func_suffix-bold_task-frac2back__56,datatype-func_suffix-bold_task-frac2back,56,1,64,64,46,,0.032,0.000550002,datatype-fmap_fmap-phase1_suffix-phase1,90,,,,,,,46,44.0,False,,1.0,j-,3.0,0.0346501,3.0,3.0,3.0
,,,,datatype-func_suffix-bold_task-frac2back__57,datatype-func_suffix-bold_task-frac2back,57,1,64,64,46,,0.032,0.000550002,datatype-fmap_fmap-phase1_suffix-phase1,90,,,,,,,46,201.0,False,,1.0,j-,3.0,0.0346501,3.0,3.0,3.0
,,,,datatype-func_suffix-bold_task-frac2back__58,datatype-func_suffix-bold_task-frac2back,58,1,64,64,46,,0.032,0.000550002,datatype-fmap_fmap-phase1_suffix-phase1,90,,,,,,,46,143.0,False,,1.0,j-,3.0,0.0346501,3.0,3.0,3.0
,,,,datatype-func_suffix-bold_task-frac2back__59,datatype-func_suffix-bold_task-frac2back,59,1,64,64,46,,0.032,0.000550002,,90,,,,,,,46,153.0,False,,1.0,j-,3.0,0.0346501,3.0,3.0,3.0
,,,,datatype-func_suffix-bold_task-frac2back__60,datatype-func_suffix-bold_task-frac2back,60,1,64,64,46,,0.032,0.000550002,datatype-fmap_fmap-phase1_suffix-phase1,90,,,,,,,46,138.0,False,,1.0,j-,3.0,0.0346501,3.0,3.0,3.0
,,,,datatype-func_suffix-bold_task-frac2back__61,datatype-func_suffix-bold_task-frac2back,61,1,64,64,46,,0.032,0.000550002,datatype-fmap_fmap-phase1_suffix-phase1,90,,,,,,,46,105.0,False,,1.0,j-,3.0,0.0346501,3.0,3.0,3.0
,,,,datatype-func_suffix-bold_task-frac2back__62,datatype-func_suffix-bold_task-frac2back,62,1,64,64,46,,0.032,0.000550002,datatype-fmap_fmap-phase1_suffix-phase1,90,,,,,,,46,151.0,False,,1.0,j-,3.0,0.0346501,3.0,3.0,3.0
,,,,datatype-func_suffix-bold_task-frac2back__63,datatype-func_suffix-bold_task-frac2back,63,1,64,64,46,,0.032,0.000550002,datatype-fmap_fmap-phase1_suffix-phase1,90,,,,,,,46,226.0,False,,1.0,j-,3.0,0.0346501,3.0,3.0,3.0
,,,,datatype-func_suffix-bold_task-frac2back__64,datatype-func_suffix-bold_task-frac2back,64,1,64,64,46,,0.032,0.000550002,datatype-fmap_fmap-phase1_suffix-phase1,90,,,,,,,46,91.0,False,,1.0,j-,3.0,0.0346501,3.0,3.0,3.0
,,,,datatype-func_suffix-bold_task-frac2back__65,datatype-func_suffix-bold_task-frac2back,65,1,64,64,46,,0.032,0.000550002,datatype-fmap_fmap-phase1_suffix-phase1,90,,,,,,,46,109.0,False,,1.0,j-,3.0,0.0346501,3.0,3.0,3.0
,,,,datatype-func_suffix-bold_task-frac2back__66,datatype-func_suffix-bold_task-frac2back,66,1,64,64,46,,0.032,0.000550002,datatype-fmap_fmap-phase1_suffix-phase1,90,,,,,,,46,167.0,False,,1.0,j-,3.0,0.0346501,3.0,3.0,3.0
,,,,datatype-func_suffix-bold_task-frac2back__67,datatype-func_suffix-bold_task-frac2back,67,1,64,64,46,,0.032,0.000550002,datatype-fmap_fmap-phase1_suffix-phase1,90,,,,,,,46,73.0,False,,1.0,j-,3.0,0.0346501,3.0,3.0,3.0
,,,,datatype-func_suffix-bold_task-frac2back__68,datatype-func_suffix-bold_task-frac2back,68,1,64,64,46,,0.032,0.000550002,datatype-fmap_fmap-phase1_suffix-phase1,90,,,,,,,46,125.0,False,,1.0,j-,3.0,0.0346501,3.0,3.0,3.0
,,,,datatype-func_suffix-bold_task-frac2back__69,datatype-func_suffix-bold_task-frac2back,69,1,64,64,46,,0.032,0.000550002,datatype-fmap_fmap-phase1_suffix-phase1,90,,,,,,,46,195.0,False,,1.0,j-,3.0,0.0346501,3.0,3.0,3.0
,,,,datatype-func_suffix-bold_task-frac2back__70,datatype-func_suffix-bold_task-frac2back,70,1,64,64,46,,0.032,0.000550002,,90,,,,,,,46,98.0,False,,1.0,j-,3.0,0.0346501,3.0,3.0,3.0
,,,,datatype-func_suffix-bold_task-frac2back__71,datatype-func_suffix-bold_task-frac2back,71,1,64,64,46,,0.032,0.000550002,,90,,,,,,,46,39.0,False,,1.0,j-,3.0,0.0346501,3.0,3.0,3.0
,,,,datatype-func_suffix-bold_task-idemo__1,datatype-func_suffix-bold_task-idemo,1,1434,64,64,46,,0.032,0.000550002,datatype-fmap_fmap-phase1_suffix-phase1,90,,,,,,,46,210.0,False,,1.0,j-,3.0,0.0346501,3.0,3.0,3.0
,,,,datatype-func_suffix-bold_task-idemo__2,datatype-func_suffix-bold_task-idemo,2,39,64,64,46,,0.032,0.000550002,,90,,,,,,,46,210.0,False,,1.0,j-,3.0,0.0346501,3.0,3.0,3.0
,,,,datatype-func_suffix-bold_task-idemo__3,datatype-func_suffix-bold_task-idemo,3,23,64,64,46,3.8e-06,0.032,0.000550002,datatype-fmap_fmap-phase1_suffix-phase1,90,,,,,,,46,210.0,False,,1.0,j-,3.0,0.0346501,3.0,3.0,3.0
,,,,datatype-func_suffix-bold_task-idemo__4,datatype-func_suffix-bold_task-idemo,4,4,64,64,46,3.8e-06,0.032,0.000550002,,90,,,,,,,46,210.0,False,,1.0,j-,3.0,0.0346501,3.0,3.0,3.0
,,,,datatype-func_suffix-bold_task-idemo__5,datatype-func_suffix-bold_task-idemo,5,2,64,64,46,,0.032,0.000550002,datatype-fmap_fmap-phase1_suffix-phase1,90,,,,,,,46,87.0,False,,1.0,j-,3.0,0.0346501,3.0,3.0,3.0
,,,,datatype-func_suffix-bold_task-idemo__6,datatype-func_suffix-bold_task-idemo,6,1,64,64,46,,0.032,0.000550002,,90,,,,,,,46,126.0,False,,1.0,j-,3.0,0.0346501,3.0,3.0,3.0
,,,,datatype-func_suffix-bold_task-idemo__7,datatype-func_suffix-bold_task-idemo,7,1,64,64,46,,0.032,0.000550002,datatype-fmap_fmap-phase1_suffix-phase1,90,,,,,,,46,210.0,True,,1.0,j-,3.0,0.0346501,3.0,3.0,3.0
,,,,datatype-func_suffix-bold_task-idemo__8,datatype-func_suffix-bold_task-idemo,8,1,64,64,46,,0.032,0.000550002,,90,,,,,,,46,176.0,False,,1.0,j-,3.0,0.0346501,3.0,3.0,3.0
,,,,datatype-func_suffix-bold_task-idemo__9,datatype-func_suffix-bold_task-idemo,9,1,64,64,46,,0.032,0.000550002,datatype-fmap_fmap-phase1_suffix-phase1,90,,,,,,,46,19.0,False,,1.0,j-,3.0,0.0346501,3.0,3.0,3.0
,,,,datatype-func_suffix-bold_task-idemo__10,datatype-func_suffix-bold_task-idemo,10,1,64,64,46,,0.032,0.000550002,datatype-fmap_fmap-phase1_suffix-phase1,90,,,,,,,46,135.0,False,,1.0,j-,3.0,0.0346501,3.0,3.0,3.0
,,,,datatype-func_suffix-bold_task-idemo__11,datatype-func_suffix-bold_task-idemo,11,1,64,64,46,,0.032,0.000550002,datatype-fmap_fmap-phase1_suffix-phase1,90,,,,,,,46,193.0,False,,1.0,j-,3.0,0.0346501,3.0,3.0,3.0
,,,,datatype-func_suffix-bold_task-idemo__12,datatype-func_suffix-bold_task-idemo,12,1,64,64,46,,0.032,0.000550002,datatype-fmap_fmap-phase1_suffix-phase1,90,,,,,,,46,131.0,False,,1.0,j-,3.0,0.0346501,3.0,3.0,3.0
,,,,datatype-func_suffix-bold_task-idemo__13,datatype-func_suffix-bold_task-idemo,13,1,64,64,46,,0.032,0.000550002,,90,,,,,,,46,98.0,False,,1.0,j-,3.0,0.0346501,3.0,3.0,3.0
,,,,datatype-func_suffix-bold_task-idemo__14,datatype-func_suffix-bold_task-idemo,14,1,64,64,46,,0.032,0.000550002,datatype-fmap_fmap-phase1_suffix-phase1,90,,,,,,,46,6.0,False,,1.0,j-,3.0,0.0346501,3.0,3.0,3.0
,,,,datatype-func_suffix-bold_task-idemo__15,datatype-func_suffix-bold_task-idemo,15,1,64,64,46,,0.032,0.000550002,,90,,,,,,,46,102.0,False,,1.0,j-,3.0,0.0346501,3.0,3.0,3.0
,,,,datatype-func_suffix-bold_task-idemo__16,datatype-func_suffix-bold_task-idemo,16,1,64,64,46,,0.032,0.000550002,datatype-fmap_fmap-phase1_suffix-phase1,90,,,,,,,46,151.0,False,,1.0,j-,3.0,0.0346501,3.0,3.0,3.0
,,,,datatype-func_suffix-bold_task-idemo__17,datatype-func_suffix-bold_task-idemo,17,1,64,64,46,,0.032,0.000550002,datatype-fmap_fmap-phase1_suffix-phase1,90,,,,,,,46,205.0,False,,1.0,j-,3.0,0.0346501,3.0,3.0,3.0
,,,,datatype-func_suffix-bold_task-idemo__18,datatype-func_suffix-bold_task-idemo,18,1,64,64,46,,0.032,0.000550002,datatype-fmap_fmap-phase1_suffix-phase1,90,,,,,,,46,172.0,False,,1.0,j-,3.0,0.0346501,3.0,3.0,3.0
,,,,datatype-func_suffix-bold_task-idemo__19,datatype-func_suffix-bold_task-idemo,19,1,64,64,46,,0.032,0.000550002,datatype-fmap_fmap-phase1_suffix-phase1,90,,,,,,,46,115.0,False,,1.0,j-,3.0,0.0346501,3.0,3.0,3.0
,,,,datatype-func_suffix-bold_task-idemo__20,datatype-func_suffix-bold_task-idemo,20,1,64,64,46,,0.032,0.000550002,datatype-fmap_fmap-phase1_suffix-phase1,90,,,,,,,46,83.0,False,,1.0,j-,3.0,0.0346501,3.0,3.0,3.0
,,,,datatype-func_suffix-bold_task-idemo__21,datatype-func_suffix-bold_task-idemo,21,1,64,64,46,,0.032,0.000550002,datatype-fmap_fmap-phase1_suffix-phase1,90,,,,,,,46,140.0,False,,1.0,j-,3.0,0.0346501,3.0,3.0,3.0
,,,,datatype-func_suffix-bold_task-idemo__22,datatype-func_suffix-bold_task-idemo,22,1,64,64,46,,0.032,0.000550002,datatype-fmap_fmap-phase1_suffix-phase1,90,,,,,,,46,138.0,False,,1.0,j-,3.0,0.0346501,3.0,3.0,3.0
,,,,datatype-func_suffix-bold_task-idemo__23,datatype-func_suffix-bold_task-idemo,23,1,64,64,46,,0.032,0.000550002,datatype-fmap_fmap-phase1_suffix-phase1,90,,,,,,,46,209.0,False,,1.0,j-,3.0,0.0346501,3.0,3.0,3.0
,,,,datatype-func_suffix-bold_task-idemo__24,datatype-func_suffix-bold_task-idemo,24,1,64,64,46,,0.032,0.000550002,datatype-fmap_fmap-phase1_suffix-phase1,90,,,,,,,46,119.0,False,,1.0,j-,3.0,0.0346501,3.0,3.0,3.0
,,,,datatype-func_suffix-bold_task-idemo__25,datatype-func_suffix-bold_task-idemo,25,1,64,64,46,,0.032,0.000550002,,90,,,,,,,46,157.0,False,,1.0,j-,3.0,0.0346501,3.0,3.0,3.0
,,,,datatype-func_suffix-bold_task-idemo__26,datatype-func_suffix-bold_task-idemo,26,1,64,64,46,3.8e-06,0.032,0.000550002,datatype-fmap_fmap-phase1_suffix-phase1,90,,,,,,,46,179.0,False,,1.0,j-,3.0,0.0346501,3.0,3.0,3.0
,,,,datatype-func_suffix-bold_task-idemo__27,datatype-func_suffix-bold_task-idemo,27,1,64,64,46,,0.032,0.000550002,datatype-fmap_fmap-phase1_suffix-phase1,90,,,,,,,46,231.0,False,,1.0,j-,3.0,0.0346501,3.0,3.0,3.0
,,,,datatype-func_suffix-bold_task-idemo__28,datatype-func_suffix-bold_task-idemo,28,1,64,64,46,,0.032,0.000550002,datatype-fmap_fmap-phase1_suffix-phase1,90,,,,,,,46,170.0,False,,1.0,j-,3.0,0.0346501,3.0,3.0,3.0
,,,,datatype-func_suffix-bold_task-idemo__29,datatype-func_suffix-bold_task-idemo,29,1,64,64,46,,0.032,0.000550002,datatype-fmap_fmap-phase1_suffix-phase1,90,,,,,,,46,160.0,False,,1.0,j-,3.0,0.0346501,3.0,3.0,3.0
,,,,datatype-func_suffix-bold_task-idemo__30,datatype-func_suffix-bold_task-idemo,30,1,64,64,46,,0.032,0.000550002,datatype-fmap_fmap-phase1_suffix-phase1,90,,,,,,,46,128.0,False,,1.0,j-,3.0,0.0346501,3.0,3.0,3.0
,,,,datatype-func_suffix-bold_task-idemo__31,datatype-func_suffix-bold_task-idemo,31,1,64,64,46,,0.032,0.000550002,datatype-fmap_fmap-phase1_suffix-phase1,90,,,,,,,46,187.0,False,,1.0,j-,3.0,0.0346501,3.0,3.0,3.0
,,,,datatype-func_suffix-bold_task-idemo__32,datatype-func_suffix-bold_task-idemo,32,1,64,64,46,,0.032,0.000550002,,90,,,,,,,46,125.0,False,,1.0,j-,3.0,0.0346501,3.0,3.0,3.0
